{"id":"584d8a82-e8b0-409d-86bc-e883519ad4f3","name":"dev SERVER IP","values":[{"key":"url","value":"https://api.dev.ezyschooling.com","enabled":true},{"key":"TOKEN","value":"","enabled":true,"type":"any"},{"key":"PARENT_EMAIL","value":"suraj12911+g1@gmail.com","enabled":true,"type":"default"},{"key":"PASSWORD","value":"","enabled":true,"type":"any"},{"key":"PARENT_ID","value":"","enabled":true,"type":"any"},{"key":"CHILD_ID","value":"","enabled":true,"type":"any"},{"key":"CART_ID","value":"","enabled":true,"type":"any"},{"key":"NAME","value":"","enabled":true,"type":"any"},{"key":"PHONE","value":"","enabled":true,"type":"any"},{"key":"CHILD_CLASS","value":"","enabled":true,"type":"any"},{"key":"CHILD_NAME","value":"","enabled":true,"type":"any"},{"key":"ENQUIRY_ID","value":"","enabled":true,"type":"any"},{"key":"COMMON_FORM_ID","value":"","enabled":true,"type":"any"},{"key":"FATHER_ID","value":"","enabled":true,"type":"any"},{"key":"MOTHER_ID","value":"","enabled":true,"type":"any"},{"key":"SCHOOL_1_ID","value":"","enabled":true,"type":"any"},{"key":"SCHOOL_2_ID","value":"","enabled":true,"type":"any"},{"key":"SCHOOL_SLUG","value":"","enabled":true,"type":"any"},{"key":"FATHER_SLUG","value":"","enabled":true,"type":"any"},{"key":"MOTHER_SLUG","value":"","enabled":true,"type":"any"},{"key":"ORDER_ID","value":"","enabled":true,"type":"any"},{"key":"RAZORPAY_ID","value":"","enabled":true,"type":"default"},{"key":"CART_TOTAL_AMOUNT","value":"","enabled":true,"type":"any"},{"key":"PAYMENT_ID","value":"","enabled":true,"type":"any"},{"key":"RAZORPAY_SIGNATURE","value":"","enabled":true,"type":"any"}]}