{"info":{"_postman_id":"09db02c2-780a-42bf-88d6-2ddf6f7e0fe7","name":"Postman - LIVE Project -Change","schema":"https://schema.getpostman.com/json/collection/v2.1.0/collection.json"},"item":[{"name":"1. LocalServer Person","item":[{"name":"Integration Flows","item":[{"name":"Create Person John Doe","event":[{"listen":"test","script":{"type":"text/javascript","exec":["const Ajv = require(\"ajv\")","const ajv = new Ajv()","","pm.test('Create Person John Doe',function(){","    var jsonData = pm.response.json();","    console.log(jsonData);","    pm.globals.set(\"pid\", jsonData[\"id\"]);","    pm.environment.set(\"pid\",jsonData[\"id\"])","    var schema = {","    \"$id\": \"http://example.com/example.json\",","    \"type\": \"object\",","    \"required\": [","        \"firstName\",","        \"lastName\",","        \"age\",","        \"id\",","        \"address\",","    ],","    \"additionalProperties\": true,","    \"properties\": {","        \"firstName\": {","            \"type\": \"string\"","        },","        \"lastName\": {","            \"type\": \"string\"","        },","        \"age\": {","            \"type\": \"integer\"","        },","        \"id\": {","            \"type\": \"integer\"","        },","        \"address\": {","            \"type\": \"string\"","        },","        \"phoneNumbers\": {","            \"type\": \"string\"","        }","    }","};","","    const validate = ajv.compile(schema)","    const valid = validate(jsonData)","    pm.expect(valid).to.be.true;","","});"],"id":"883ce787-b97c-442b-8d8f-c726fb1100d9"}}],"id":"354e635b-5c52-4cd3-a454-b9a7eab089fd","protocolProfileBehavior":{"disableBodyPruning":true},"request":{"method":"POST","header":[],"body":{"mode":"raw","raw":"{\n    \"firstName\": \"John\",\n    \"lastName\": \"doe\",\n    \"age\": 26,\n    \"address\": \"Chicago,USA\",\n    \"phoneNumbers\": \"123-456-78910\"\n}","options":{"raw":{"language":"json"}}},"url":{"raw":"{{url}}/persons","host":["{{url}}"],"path":["persons"]}},"response":[]},{"name":"Get Jonh Doe","id":"10a189a8-d418-4daf-a36f-d471e69b35f4","protocolProfileBehavior":{"disableBodyPruning":true},"request":{"method":"GET","header":[],"url":{"raw":"{{url}}/persons/{{pid}}","host":["{{url}}"],"path":["persons","{{pid}}"]}},"response":[]},{"name":"Update Name to Samar","id":"4b68eda0-10db-40b8-91d6-a1fc86598154","protocolProfileBehavior":{"disableBodyPruning":true},"request":{"method":"PATCH","header":[],"body":{"mode":"raw","raw":"{\n      \"firstName\": \"Samar\",\n      \"lastName\": \"Sharma\",\n      \"age\": 24,\n      \"id\": {{pid}},\n      \"address\": \"Delhi, India\",\n      \"phoneNumbers\": \"123-456-78910\"\n    }","options":{"raw":{"language":"json"}}},"url":{"raw":"{{url}}/persons/{{pid}}","host":["{{url}}"],"path":["persons","{{pid}}"]}},"response":[]},{"name":"Delete  - Samar","event":[{"listen":"test","script":{"type":"text/javascript","exec":["pm.test(\"Status code is 200\", function () {","    pm.response.to.have.status(200);","});"],"id":"ad198ba7-28b3-4f3e-8045-f10a3f6d9c99"}}],"id":"2b1906ff-6e31-4e5d-8747-f3e324578a10","protocolProfileBehavior":{"disableBodyPruning":true},"request":{"method":"DELETE","header":[],"url":{"raw":"{{url}}/persons/{{pid}}","host":["{{url}}"],"path":["persons","{{pid}}"]}},"response":[]}],"id":"c453e6c3-7481-4369-9a61-669050594bbd"},{"name":"Get All Persons","id":"77fdc36e-f2a5-4f29-a58b-31ce6dc0a391","protocolProfileBehavior":{"disableBodyPruning":true},"request":{"method":"GET","header":[],"url":{"raw":"{{url}}/persons","host":["{{url}}"],"path":["persons"]}},"response":[]},{"name":"Create Person","id":"3b87850d-5793-4554-9e23-862a23905ee5","protocolProfileBehavior":{"disableBodyPruning":true},"request":{"method":"POST","header":[],"body":{"mode":"raw","raw":"{\n      \"firstName\": \"John\",\n      \"lastName\": \"doe\",\n      \"age\": 26,\n      \"id\": {{pid}},\n      \"address\": \"Chicago,USA\",\n      \"phoneNumbers\": \"123-456-78910\"\n    }","options":{"raw":{"language":"json"}}},"url":{"raw":"{{url}}/persons","host":["{{url}}"],"path":["persons"]}},"response":[]},{"name":"Get Single","id":"7dbb4b49-61db-438d-92d0-2733f9c2567a","protocolProfileBehavior":{"disableBodyPruning":true},"request":{"method":"GET","header":[],"url":{"raw":"{{url}}/persons/{{pid}}","host":["{{url}}"],"path":["persons","{{pid}}"]}},"response":[]},{"name":"Update Person","id":"8e703069-22bf-419a-a039-7c2b0e31a5b4","protocolProfileBehavior":{"disableBodyPruning":true},"request":{"method":"PATCH","header":[],"body":{"mode":"raw","raw":"{\n      \"firstName\": \"John\",\n      \"lastName\": \"doe1\",\n      \"age\": 26,\n      \"id\": {{pid}},\n      \"address\": \"Chicago,USA\",\n      \"phoneNumbers\": \"123-456-78910\"\n    }","options":{"raw":{"language":"json"}}},"url":{"raw":"{{url}}/persons/{{pid}}","host":["{{url}}"],"path":["persons","{{pid}}"]}},"response":[]},{"name":"Update Full Person","id":"609a4142-35f2-402f-ae97-e224c4ae5498","protocolProfileBehavior":{"disableBodyPruning":true},"request":{"method":"PUT","header":[],"body":{"mode":"raw","raw":"{\n      \"firstName\": \"Samar\",\n      \"lastName\": \"Sharma\",\n      \"age\": 24,\n      \"id\": {{pid}},\n      \"address\": \"Delhi,India\",\n      \"phoneNumbers\": \"123-456-78910\"\n    }","options":{"raw":{"language":"json"}}},"url":{"raw":"{{url}}/persons/{{pid}}","host":["{{url}}"],"path":["persons","{{pid}}"]}},"response":[]},{"name":"Delete Single","id":"db405623-10fd-4898-b5d0-f053bf0e88d2","protocolProfileBehavior":{"disableBodyPruning":true},"request":{"method":"DELETE","header":[],"url":{"raw":"{{url}}/persons/{{pid}}","host":["{{url}}"],"path":["persons","{{pid}}"]}},"response":[]}],"id":"bbda7d4d-0328-486a-83cf-08b062c715d2"},{"name":"2. GitHub","item":[{"name":"Basic Auth.","event":[{"listen":"test","script":{"type":"text/javascript","exec":["pm.test(\"Response time is less than 200ms\", function () {","    pm.expect(pm.response.responseTime).to.be.below(1000);","});","","pm.test(\"Content-Type is present\", function () {","    pm.response.to.have.header(\"Content-Type\");","});","","pm.test(\"Status code Ok HTTP Status has string\", function () {","    pm.response.to.have.status(\"OK\");","});","","pm.test(\"Name Key in Repo\", function () {","    var jsonData = pm.response.json();","    pm.expect(jsonData[0]['name']).to.eql('Demo11236');","});","","",""],"id":"b9077935-1f62-41b0-84b3-1971d9489b9c"}}],"id":"d01b2c35-fbfe-479e-818a-d83cc5d0e3e9","protocolProfileBehavior":{"disableBodyPruning":true},"request":{"auth":{"type":"basic","basic":[{"key":"username","value":"","type":"string"},{"key":"password","value":"","type":"string"},{"key":"showPassword","value":false,"type":"boolean"}]},"method":"GET","header":[],"url":{"raw":"https://api.github.com/users/apitestingco/repos","protocol":"https","host":["api","github","com"],"path":["users","apitestingco","repos"]}},"response":[]},{"name":"Basic Auth. With Token","event":[{"listen":"test","script":{"type":"text/javascript","exec":["pm.test(\"Response time is less than 200ms\", function () {","    pm.expect(pm.response.responseTime).to.be.below(1000);","});","","pm.test(\"Content-Type is present\", function () {","    pm.response.to.have.header(\"Content-Type\");","});","","pm.test(\"Status code Ok HTTP Status has string\", function () {","    pm.response.to.have.status(\"OK\");","});","","pm.test(\"Name Key in Repo\", function () {","    var jsonData = pm.response.json();","    pm.expect(jsonData[0]['name']).to.eql('Demo11236');","});","","",""],"id":"9851022d-870c-4893-a544-f3eeb71a1140"}}],"id":"22a7d9a2-6424-4bcc-96f3-37282a9bee10","protocolProfileBehavior":{"disableBodyPruning":true},"request":{"auth":{"type":"basic","basic":[{"key":"username","value":"","type":"string"},{"key":"password","value":"","type":"string"},{"key":"showPassword","value":false,"type":"boolean"}]},"method":"GET","header":[],"url":{"raw":"https://api.github.com/users/apitestingco/repos","protocol":"https","host":["api","github","com"],"path":["users","apitestingco","repos"]}},"response":[]},{"name":"GET Single Repo - helloapi","event":[{"listen":"test","script":{"type":"text/javascript","exec":["// Create the Schema using jsonschema.net","// another tool - https://easy-json-schema.github.io/","// https://www.liquid-technologies.com/online-json-to-schema-converter","","var schema = {","    \"$schema\": \"http://json-schema.org/draft-07/schema\",","    \"$id\": \"http://example.com/example.json\",","    \"type\": \"object\",","    \"title\": \"The root schema\",","    \"description\": \"The root schema comprises the entire JSON document.\",","    \"default\": {},","    \"examples\":[],","    \"required\": [","        \"id\",","        \"node_id\",","        \"name\",","        \"full_name\",","        \"private\",","        \"owner\",","        \"html_url\",","        \"description\",","        \"fork\",","        \"url\",","        \"forks_url\",","        \"keys_url\",","        \"collaborators_url\",","        \"teams_url\",","        \"hooks_url\",","        \"issue_events_url\",","        \"events_url\",","        \"assignees_url\",","        \"branches_url\",","        \"tags_url\",","        \"blobs_url\",","        \"git_tags_url\",","        \"git_refs_url\",","        \"trees_url\",","        \"statuses_url\",","        \"languages_url\",","        \"stargazers_url\",","        \"contributors_url\",","        \"subscribers_url\",","        \"subscription_url\",","        \"commits_url\",","        \"git_commits_url\",","        \"comments_url\",","        \"issue_comment_url\",","        \"contents_url\",","        \"compare_url\",","        \"merges_url\",","        \"archive_url\",","        \"downloads_url\",","        \"issues_url\",","        \"pulls_url\",","        \"milestones_url\",","        \"notifications_url\",","        \"labels_url\",","        \"releases_url\",","        \"deployments_url\",","        \"created_at\",","        \"updated_at\",","        \"pushed_at\",","        \"git_url\",","        \"ssh_url\",","        \"clone_url\",","        \"svn_url\",","        \"homepage\",","        \"size\",","        \"stargazers_count\",","        \"watchers_count\",","        \"language\",","        \"has_issues\",","        \"has_projects\",","        \"has_downloads\",","        \"has_wiki\",","        \"has_pages\",","        \"forks_count\",","        \"mirror_url\",","        \"archived\",","        \"disabled\",","        \"open_issues_count\",","        \"license\",","        \"forks\",","        \"open_issues\",","        \"watchers\",","        \"default_branch\",","        \"temp_clone_token\",","        \"network_count\",","        \"subscribers_count\"","    ],","    \"additionalProperties\": true,","    \"minProperties\" : 74,","    \"properties\": {","        \"id\": {","            \"$id\": \"#/properties/id\",","            \"type\": \"integer\",","            \"title\": \"The id schema\",","            \"description\": \"An explanation about the purpose of this instance.\",","            \"default\": 0,","            \"examples\": [","                259075981","            ]","        },","        \"node_id\": {","            \"$id\": \"#/properties/node_id\",","            \"type\": \"string\",","            \"title\": \"The node_id schema\",","            \"description\": \"An explanation about the purpose of this instance.\",","            \"default\": \"\",","            \"examples\": [","                \"MDEwOlJlcG9zaXRvcnkyNTkwNzU5ODE=\"","            ]","        },","        \"name\": {","            \"$id\": \"#/properties/name\",","            \"type\": \"string\",","            \"title\": \"The name schema\",","            \"description\": \"An explanation about the purpose of this instance.\",","            \"default\": \"\",","            \"examples\": [","                \"helloapi\"","            ]","        },","        \"full_name\": {","            \"$id\": \"#/properties/full_name\",","            \"type\": \"string\",","            \"title\": \"The full_name schema\",","            \"description\": \"An explanation about the purpose of this instance.\",","            \"default\": \"\",","            \"examples\": [","                \"apitestingco/helloapi\"","            ]","        },","        \"private\": {","            \"$id\": \"#/properties/private\",","            \"type\": \"boolean\",","            \"title\": \"The private schema\",","            \"description\": \"An explanation about the purpose of this instance.\",","            \"default\": false,","            \"examples\": [","                false","            ]","        },","        \"owner\": {","            \"$id\": \"#/properties/owner\",","            \"type\": \"object\",","            \"title\": \"The owner schema\",","            \"description\": \"An explanation about the purpose of this instance.\",","            \"default\": {},","            \"examples\": [","                {","                    \"login\": \"apitestingco\",","                    \"id\": 64370038,","                    \"node_id\": \"MDQ6VXNlcjY0MzcwMDM4\",","                    \"avatar_url\": \"https://avatars3.githubusercontent.com/u/64370038?v=4\",","                    \"gravatar_id\": \"\",","                    \"url\": \"https://api.github.com/users/apitestingco\",","                    \"html_url\": \"https://github.com/apitestingco\",","                    \"followers_url\": \"https://api.github.com/users/apitestingco/followers\",","                    \"following_url\": \"https://api.github.com/users/apitestingco/following{/other_user}\",","                    \"gists_url\": \"https://api.github.com/users/apitestingco/gists{/gist_id}\",","                    \"starred_url\": \"https://api.github.com/users/apitestingco/starred{/owner}{/repo}\",","                    \"subscriptions_url\": \"https://api.github.com/users/apitestingco/subscriptions\",","                    \"organizations_url\": \"https://api.github.com/users/apitestingco/orgs\",","                    \"repos_url\": \"https://api.github.com/users/apitestingco/repos\",","                    \"events_url\": \"https://api.github.com/users/apitestingco/events{/privacy}\",","                    \"received_events_url\": \"https://api.github.com/users/apitestingco/received_events\",","                    \"type\": \"User\",","                    \"site_admin\": false","                }","            ],","            \"required\": [","                \"login\",","                \"id\",","                \"node_id\",","                \"avatar_url\",","                \"gravatar_id\",","                \"url\",","                \"html_url\",","                \"followers_url\",","                \"following_url\",","                \"gists_url\",","                \"starred_url\",","                \"subscriptions_url\",","                \"organizations_url\",","                \"repos_url\",","                \"events_url\",","                \"received_events_url\",","                \"type\",","                \"site_admin\"","            ],","            \"additionalProperties\": true,","            \"properties\": {","                \"login\": {","                    \"$id\": \"#/properties/owner/properties/login\",","                    \"type\": \"string\",","                    \"title\": \"The login schema\",","                    \"description\": \"An explanation about the purpose of this instance.\",","                    \"default\": \"\",","                    \"examples\": [","                        \"apitestingco\"","                    ]","                },","                \"id\": {","                    \"$id\": \"#/properties/owner/properties/id\",","                    \"type\": \"integer\",","                    \"title\": \"The id schema\",","                    \"description\": \"An explanation about the purpose of this instance.\",","                    \"default\": 0,","                    \"examples\": [","                        64370038","                    ]","                },","                \"node_id\": {","                    \"$id\": \"#/properties/owner/properties/node_id\",","                    \"type\": \"string\",","                    \"title\": \"The node_id schema\",","                    \"description\": \"An explanation about the purpose of this instance.\",","                    \"default\": \"\",","                    \"examples\": [","                        \"MDQ6VXNlcjY0MzcwMDM4\"","                    ]","                },","                \"avatar_url\": {","                    \"$id\": \"#/properties/owner/properties/avatar_url\",","                    \"type\": \"string\",","                    \"title\": \"The avatar_url schema\",","                    \"description\": \"An explanation about the purpose of this instance.\",","                    \"default\": \"\",","                    \"examples\": [","                        \"https://avatars3.githubusercontent.com/u/64370038?v=4\"","                    ]","                },","                \"gravatar_id\": {","                    \"$id\": \"#/properties/owner/properties/gravatar_id\",","                    \"type\": \"string\",","                    \"title\": \"The gravatar_id schema\",","                    \"description\": \"An explanation about the purpose of this instance.\",","                    \"default\": \"\",","                    \"examples\": [","                        \"\"","                    ]","                },","                \"url\": {","                    \"$id\": \"#/properties/owner/properties/url\",","                    \"type\": \"string\",","                    \"title\": \"The url schema\",","                    \"description\": \"An explanation about the purpose of this instance.\",","                    \"default\": \"\",","                    \"examples\": [","                        \"https://api.github.com/users/apitestingco\"","                    ]","                },","                \"html_url\": {","                    \"$id\": \"#/properties/owner/properties/html_url\",","                    \"type\": \"string\",","                    \"title\": \"The html_url schema\",","                    \"description\": \"An explanation about the purpose of this instance.\",","                    \"default\": \"\",","                    \"examples\": [","                        \"https://github.com/apitestingco\"","                    ]","                },","                \"followers_url\": {","                    \"$id\": \"#/properties/owner/properties/followers_url\",","                    \"type\": \"string\",","                    \"title\": \"The followers_url schema\",","                    \"description\": \"An explanation about the purpose of this instance.\",","                    \"default\": \"\",","                    \"examples\": [","                        \"https://api.github.com/users/apitestingco/followers\"","                    ]","                },","                \"following_url\": {","                    \"$id\": \"#/properties/owner/properties/following_url\",","                    \"type\": \"string\",","                    \"title\": \"The following_url schema\",","                    \"description\": \"An explanation about the purpose of this instance.\",","                    \"default\": \"\",","                    \"examples\": [","                        \"https://api.github.com/users/apitestingco/following{/other_user}\"","                    ]","                },","                \"gists_url\": {","                    \"$id\": \"#/properties/owner/properties/gists_url\",","                    \"type\": \"string\",","                    \"title\": \"The gists_url schema\",","                    \"description\": \"An explanation about the purpose of this instance.\",","                    \"default\": \"\",","                    \"examples\": [","                        \"https://api.github.com/users/apitestingco/gists{/gist_id}\"","                    ]","                },","                \"starred_url\": {","                    \"$id\": \"#/properties/owner/properties/starred_url\",","                    \"type\": \"string\",","                    \"title\": \"The starred_url schema\",","                    \"description\": \"An explanation about the purpose of this instance.\",","                    \"default\": \"\",","                    \"examples\": [","                        \"https://api.github.com/users/apitestingco/starred{/owner}{/repo}\"","                    ]","                },","                \"subscriptions_url\": {","                    \"$id\": \"#/properties/owner/properties/subscriptions_url\",","                    \"type\": \"string\",","                    \"title\": \"The subscriptions_url schema\",","                    \"description\": \"An explanation about the purpose of this instance.\",","                    \"default\": \"\",","                    \"examples\": [","                        \"https://api.github.com/users/apitestingco/subscriptions\"","                    ]","                },","                \"organizations_url\": {","                    \"$id\": \"#/properties/owner/properties/organizations_url\",","                    \"type\": \"string\",","                    \"title\": \"The organizations_url schema\",","                    \"description\": \"An explanation about the purpose of this instance.\",","                    \"default\": \"\",","                    \"examples\": [","                        \"https://api.github.com/users/apitestingco/orgs\"","                    ]","                },","                \"repos_url\": {","                    \"$id\": \"#/properties/owner/properties/repos_url\",","                    \"type\": \"string\",","                    \"title\": \"The repos_url schema\",","                    \"description\": \"An explanation about the purpose of this instance.\",","                    \"default\": \"\",","                    \"examples\": [","                        \"https://api.github.com/users/apitestingco/repos\"","                    ]","                },","                \"events_url\": {","                    \"$id\": \"#/properties/owner/properties/events_url\",","                    \"type\": \"string\",","                    \"title\": \"The events_url schema\",","                    \"description\": \"An explanation about the purpose of this instance.\",","                    \"default\": \"\",","                    \"examples\": [","                        \"https://api.github.com/users/apitestingco/events{/privacy}\"","                    ]","                },","                \"received_events_url\": {","                    \"$id\": \"#/properties/owner/properties/received_events_url\",","                    \"type\": \"string\",","                    \"title\": \"The received_events_url schema\",","                    \"description\": \"An explanation about the purpose of this instance.\",","                    \"default\": \"\",","                    \"examples\": [","                        \"https://api.github.com/users/apitestingco/received_events\"","                    ]","                },","                \"type\": {","                    \"$id\": \"#/properties/owner/properties/type\",","                    \"type\": \"string\",","                    \"title\": \"The type schema\",","                    \"description\": \"An explanation about the purpose of this instance.\",","                    \"default\": \"\",","                    \"examples\": [","                        \"User\"","                    ]","                },","                \"site_admin\": {","                    \"$id\": \"#/properties/owner/properties/site_admin\",","                    \"type\": \"boolean\",","                    \"title\": \"The site_admin schema\",","                    \"description\": \"An explanation about the purpose of this instance.\",","                    \"default\": false,","                    \"examples\": [","                        false","                    ]","                }","            }","        },","        \"html_url\": {","            \"$id\": \"#/properties/html_url\",","            \"type\": \"string\",","            \"title\": \"The html_url schema\",","            \"description\": \"An explanation about the purpose of this instance.\",","            \"default\": \"\",","            \"examples\": [","                \"https://github.com/apitestingco/helloapi\"","            ]","        },","        \"description\": {","            \"$id\": \"#/properties/description\",","            \"type\": \"string\",","            \"title\": \"The description schema\",","            \"description\": \"An explanation about the purpose of this instance.\",","            \"default\": \"\",","            \"examples\": [","                \"Hello API\"","            ]","        },","        \"fork\": {","            \"$id\": \"#/properties/fork\",","            \"type\": \"boolean\",","            \"title\": \"The fork schema\",","            \"description\": \"An explanation about the purpose of this instance.\",","            \"default\": false,","            \"examples\": [","                false","            ]","        },","        \"url\": {","            \"$id\": \"#/properties/url\",","            \"type\": \"string\",","            \"title\": \"The url schema\",","            \"description\": \"An explanation about the purpose of this instance.\",","            \"default\": \"\",","            \"examples\": [","                \"https://api.github.com/repos/apitestingco/helloapi\"","            ]","        },","        \"forks_url\": {","            \"$id\": \"#/properties/forks_url\",","            \"type\": \"string\",","            \"title\": \"The forks_url schema\",","            \"description\": \"An explanation about the purpose of this instance.\",","            \"default\": \"\",","            \"examples\": [","                \"https://api.github.com/repos/apitestingco/helloapi/forks\"","            ]","        },","        \"keys_url\": {","            \"$id\": \"#/properties/keys_url\",","            \"type\": \"string\",","            \"title\": \"The keys_url schema\",","            \"description\": \"An explanation about the purpose of this instance.\",","            \"default\": \"\",","            \"examples\": [","                \"https://api.github.com/repos/apitestingco/helloapi/keys{/key_id}\"","            ]","        },","        \"collaborators_url\": {","            \"$id\": \"#/properties/collaborators_url\",","            \"type\": \"string\",","            \"title\": \"The collaborators_url schema\",","            \"description\": \"An explanation about the purpose of this instance.\",","            \"default\": \"\",","            \"examples\": [","                \"https://api.github.com/repos/apitestingco/helloapi/collaborators{/collaborator}\"","            ]","        },","        \"teams_url\": {","            \"$id\": \"#/properties/teams_url\",","            \"type\": \"string\",","            \"title\": \"The teams_url schema\",","            \"description\": \"An explanation about the purpose of this instance.\",","            \"default\": \"\",","            \"examples\": [","                \"https://api.github.com/repos/apitestingco/helloapi/teams\"","            ]","        },","        \"hooks_url\": {","            \"$id\": \"#/properties/hooks_url\",","            \"type\": \"string\",","            \"title\": \"The hooks_url schema\",","            \"description\": \"An explanation about the purpose of this instance.\",","            \"default\": \"\",","            \"examples\": [","                \"https://api.github.com/repos/apitestingco/helloapi/hooks\"","            ]","        },","        \"issue_events_url\": {","            \"$id\": \"#/properties/issue_events_url\",","            \"type\": \"string\",","            \"title\": \"The issue_events_url schema\",","            \"description\": \"An explanation about the purpose of this instance.\",","            \"default\": \"\",","            \"examples\": [","                \"https://api.github.com/repos/apitestingco/helloapi/issues/events{/number}\"","            ]","        },","        \"events_url\": {","            \"$id\": \"#/properties/events_url\",","            \"type\": \"string\",","            \"title\": \"The events_url schema\",","            \"description\": \"An explanation about the purpose of this instance.\",","            \"default\": \"\",","            \"examples\": [","                \"https://api.github.com/repos/apitestingco/helloapi/events\"","            ]","        },","        \"assignees_url\": {","            \"$id\": \"#/properties/assignees_url\",","            \"type\": \"string\",","            \"title\": \"The assignees_url schema\",","            \"description\": \"An explanation about the purpose of this instance.\",","            \"default\": \"\",","            \"examples\": [","                \"https://api.github.com/repos/apitestingco/helloapi/assignees{/user}\"","            ]","        },","        \"branches_url\": {","            \"$id\": \"#/properties/branches_url\",","            \"type\": \"string\",","            \"title\": \"The branches_url schema\",","            \"description\": \"An explanation about the purpose of this instance.\",","            \"default\": \"\",","            \"examples\": [","                \"https://api.github.com/repos/apitestingco/helloapi/branches{/branch}\"","            ]","        },","        \"tags_url\": {","            \"$id\": \"#/properties/tags_url\",","            \"type\": \"string\",","            \"title\": \"The tags_url schema\",","            \"description\": \"An explanation about the purpose of this instance.\",","            \"default\": \"\",","            \"examples\": [","                \"https://api.github.com/repos/apitestingco/helloapi/tags\"","            ]","        },","        \"blobs_url\": {","            \"$id\": \"#/properties/blobs_url\",","            \"type\": \"string\",","            \"title\": \"The blobs_url schema\",","            \"description\": \"An explanation about the purpose of this instance.\",","            \"default\": \"\",","            \"examples\": [","                \"https://api.github.com/repos/apitestingco/helloapi/git/blobs{/sha}\"","            ]","        },","        \"git_tags_url\": {","            \"$id\": \"#/properties/git_tags_url\",","            \"type\": \"string\",","            \"title\": \"The git_tags_url schema\",","            \"description\": \"An explanation about the purpose of this instance.\",","            \"default\": \"\",","            \"examples\": [","                \"https://api.github.com/repos/apitestingco/helloapi/git/tags{/sha}\"","            ]","        },","        \"git_refs_url\": {","            \"$id\": \"#/properties/git_refs_url\",","            \"type\": \"string\",","            \"title\": \"The git_refs_url schema\",","            \"description\": \"An explanation about the purpose of this instance.\",","            \"default\": \"\",","            \"examples\": [","                \"https://api.github.com/repos/apitestingco/helloapi/git/refs{/sha}\"","            ]","        },","        \"trees_url\": {","            \"$id\": \"#/properties/trees_url\",","            \"type\": \"string\",","            \"title\": \"The trees_url schema\",","            \"description\": \"An explanation about the purpose of this instance.\",","            \"default\": \"\",","            \"examples\": [","                \"https://api.github.com/repos/apitestingco/helloapi/git/trees{/sha}\"","            ]","        },","        \"statuses_url\": {","            \"$id\": \"#/properties/statuses_url\",","            \"type\": \"string\",","            \"title\": \"The statuses_url schema\",","            \"description\": \"An explanation about the purpose of this instance.\",","            \"default\": \"\",","            \"examples\": [","                \"https://api.github.com/repos/apitestingco/helloapi/statuses/{sha}\"","            ]","        },","        \"languages_url\": {","            \"$id\": \"#/properties/languages_url\",","            \"type\": \"string\",","            \"title\": \"The languages_url schema\",","            \"description\": \"An explanation about the purpose of this instance.\",","            \"default\": \"\",","            \"examples\": [","                \"https://api.github.com/repos/apitestingco/helloapi/languages\"","            ]","        },","        \"stargazers_url\": {","            \"$id\": \"#/properties/stargazers_url\",","            \"type\": \"string\",","            \"title\": \"The stargazers_url schema\",","            \"description\": \"An explanation about the purpose of this instance.\",","            \"default\": \"\",","            \"examples\": [","                \"https://api.github.com/repos/apitestingco/helloapi/stargazers\"","            ]","        },","        \"contributors_url\": {","            \"$id\": \"#/properties/contributors_url\",","            \"type\": \"string\",","            \"title\": \"The contributors_url schema\",","            \"description\": \"An explanation about the purpose of this instance.\",","            \"default\": \"\",","            \"examples\": [","                \"https://api.github.com/repos/apitestingco/helloapi/contributors\"","            ]","        },","        \"subscribers_url\": {","            \"$id\": \"#/properties/subscribers_url\",","            \"type\": \"string\",","            \"title\": \"The subscribers_url schema\",","            \"description\": \"An explanation about the purpose of this instance.\",","            \"default\": \"\",","            \"examples\": [","                \"https://api.github.com/repos/apitestingco/helloapi/subscribers\"","            ]","        },","        \"subscription_url\": {","            \"$id\": \"#/properties/subscription_url\",","            \"type\": \"string\",","            \"title\": \"The subscription_url schema\",","            \"description\": \"An explanation about the purpose of this instance.\",","            \"default\": \"\",","            \"examples\": [","                \"https://api.github.com/repos/apitestingco/helloapi/subscription\"","            ]","        },","        \"commits_url\": {","            \"$id\": \"#/properties/commits_url\",","            \"type\": \"string\",","            \"title\": \"The commits_url schema\",","            \"description\": \"An explanation about the purpose of this instance.\",","            \"default\": \"\",","            \"examples\": [","                \"https://api.github.com/repos/apitestingco/helloapi/commits{/sha}\"","            ]","        },","        \"git_commits_url\": {","            \"$id\": \"#/properties/git_commits_url\",","            \"type\": \"string\",","            \"title\": \"The git_commits_url schema\",","            \"description\": \"An explanation about the purpose of this instance.\",","            \"default\": \"\",","            \"examples\": [","                \"https://api.github.com/repos/apitestingco/helloapi/git/commits{/sha}\"","            ]","        },","        \"comments_url\": {","            \"$id\": \"#/properties/comments_url\",","            \"type\": \"string\",","            \"title\": \"The comments_url schema\",","            \"description\": \"An explanation about the purpose of this instance.\",","            \"default\": \"\",","            \"examples\": [","                \"https://api.github.com/repos/apitestingco/helloapi/comments{/number}\"","            ]","        },","        \"issue_comment_url\": {","            \"$id\": \"#/properties/issue_comment_url\",","            \"type\": \"string\",","            \"title\": \"The issue_comment_url schema\",","            \"description\": \"An explanation about the purpose of this instance.\",","            \"default\": \"\",","            \"examples\": [","                \"https://api.github.com/repos/apitestingco/helloapi/issues/comments{/number}\"","            ]","        },","        \"contents_url\": {","            \"$id\": \"#/properties/contents_url\",","            \"type\": \"string\",","            \"title\": \"The contents_url schema\",","            \"description\": \"An explanation about the purpose of this instance.\",","            \"default\": \"\",","            \"examples\": [","                \"https://api.github.com/repos/apitestingco/helloapi/contents/{+path}\"","            ]","        },","        \"compare_url\": {","            \"$id\": \"#/properties/compare_url\",","            \"type\": \"string\",","            \"title\": \"The compare_url schema\",","            \"description\": \"An explanation about the purpose of this instance.\",","            \"default\": \"\",","            \"examples\": [","                \"https://api.github.com/repos/apitestingco/helloapi/compare/{base}...{head}\"","            ]","        },","        \"merges_url\": {","            \"$id\": \"#/properties/merges_url\",","            \"type\": \"string\",","            \"title\": \"The merges_url schema\",","            \"description\": \"An explanation about the purpose of this instance.\",","            \"default\": \"\",","            \"examples\": [","                \"https://api.github.com/repos/apitestingco/helloapi/merges\"","            ]","        },","        \"archive_url\": {","            \"$id\": \"#/properties/archive_url\",","            \"type\": \"string\",","            \"title\": \"The archive_url schema\",","            \"description\": \"An explanation about the purpose of this instance.\",","            \"default\": \"\",","            \"examples\": [","                \"https://api.github.com/repos/apitestingco/helloapi/{archive_format}{/ref}\"","            ]","        },","        \"downloads_url\": {","            \"$id\": \"#/properties/downloads_url\",","            \"type\": \"string\",","            \"title\": \"The downloads_url schema\",","            \"description\": \"An explanation about the purpose of this instance.\",","            \"default\": \"\",","            \"examples\": [","                \"https://api.github.com/repos/apitestingco/helloapi/downloads\"","            ]","        },","        \"issues_url\": {","            \"$id\": \"#/properties/issues_url\",","            \"type\": \"string\",","            \"title\": \"The issues_url schema\",","            \"description\": \"An explanation about the purpose of this instance.\",","            \"default\": \"\",","            \"examples\": [","                \"https://api.github.com/repos/apitestingco/helloapi/issues{/number}\"","            ]","        },","        \"pulls_url\": {","            \"$id\": \"#/properties/pulls_url\",","            \"type\": \"string\",","            \"title\": \"The pulls_url schema\",","            \"description\": \"An explanation about the purpose of this instance.\",","            \"default\": \"\",","            \"examples\": [","                \"https://api.github.com/repos/apitestingco/helloapi/pulls{/number}\"","            ]","        },","        \"milestones_url\": {","            \"$id\": \"#/properties/milestones_url\",","            \"type\": \"string\",","            \"title\": \"The milestones_url schema\",","            \"description\": \"An explanation about the purpose of this instance.\",","            \"default\": \"\",","            \"examples\": [","                \"https://api.github.com/repos/apitestingco/helloapi/milestones{/number}\"","            ]","        },","        \"notifications_url\": {","            \"$id\": \"#/properties/notifications_url\",","            \"type\": \"string\",","            \"title\": \"The notifications_url schema\",","            \"description\": \"An explanation about the purpose of this instance.\",","            \"default\": \"\",","            \"examples\": [","                \"https://api.github.com/repos/apitestingco/helloapi/notifications{?since,all,participating}\"","            ]","        },","        \"labels_url\": {","            \"$id\": \"#/properties/labels_url\",","            \"type\": \"string\",","            \"title\": \"The labels_url schema\",","            \"description\": \"An explanation about the purpose of this instance.\",","            \"default\": \"\",","            \"examples\": [","                \"https://api.github.com/repos/apitestingco/helloapi/labels{/name}\"","            ]","        },","        \"releases_url\": {","            \"$id\": \"#/properties/releases_url\",","            \"type\": \"string\",","            \"title\": \"The releases_url schema\",","            \"description\": \"An explanation about the purpose of this instance.\",","            \"default\": \"\",","            \"examples\": [","                \"https://api.github.com/repos/apitestingco/helloapi/releases{/id}\"","            ]","        },","        \"deployments_url\": {","            \"$id\": \"#/properties/deployments_url\",","            \"type\": \"string\",","            \"title\": \"The deployments_url schema\",","            \"description\": \"An explanation about the purpose of this instance.\",","            \"default\": \"\",","            \"examples\": [","                \"https://api.github.com/repos/apitestingco/helloapi/deployments\"","            ]","        },","        \"created_at\": {","            \"$id\": \"#/properties/created_at\",","            \"type\": \"string\",","            \"title\": \"The created_at schema\",","            \"description\": \"An explanation about the purpose of this instance.\",","            \"default\": \"\",","            \"examples\": [","                \"2020-04-26T16:15:12Z\"","            ]","        },","        \"updated_at\": {","            \"$id\": \"#/properties/updated_at\",","            \"type\": \"string\",","            \"title\": \"The updated_at schema\",","            \"description\": \"An explanation about the purpose of this instance.\",","            \"default\": \"\",","            \"examples\": [","                \"2020-04-26T16:15:16Z\"","            ]","        },","        \"pushed_at\": {","            \"$id\": \"#/properties/pushed_at\",","            \"type\": \"string\",","            \"title\": \"The pushed_at schema\",","            \"description\": \"An explanation about the purpose of this instance.\",","            \"default\": \"\",","            \"examples\": [","                \"2020-04-26T16:15:14Z\"","            ]","        },","        \"git_url\": {","            \"$id\": \"#/properties/git_url\",","            \"type\": \"string\",","            \"title\": \"The git_url schema\",","            \"description\": \"An explanation about the purpose of this instance.\",","            \"default\": \"\",","            \"examples\": [","                \"git://github.com/apitestingco/helloapi.git\"","            ]","        },","        \"ssh_url\": {","            \"$id\": \"#/properties/ssh_url\",","            \"type\": \"string\",","            \"title\": \"The ssh_url schema\",","            \"description\": \"An explanation about the purpose of this instance.\",","            \"default\": \"\",","            \"examples\": [","                \"git@github.com:apitestingco/helloapi.git\"","            ]","        },","        \"clone_url\": {","            \"$id\": \"#/properties/clone_url\",","            \"type\": \"string\",","            \"title\": \"The clone_url schema\",","            \"description\": \"An explanation about the purpose of this instance.\",","            \"default\": \"\",","            \"examples\": [","                \"https://github.com/apitestingco/helloapi.git\"","            ]","        },","        \"svn_url\": {","            \"$id\": \"#/properties/svn_url\",","            \"type\": \"string\",","            \"title\": \"The svn_url schema\",","            \"description\": \"An explanation about the purpose of this instance.\",","            \"default\": \"\",","            \"examples\": [","                \"https://github.com/apitestingco/helloapi\"","            ]","        },","        \"homepage\": {","            \"$id\": \"#/properties/homepage\",","            \"type\": \"null\",","            \"title\": \"The homepage schema\",","            \"description\": \"An explanation about the purpose of this instance.\",","            \"default\": null,","            \"examples\": [","                null","            ]","        },","        \"size\": {","            \"$id\": \"#/properties/size\",","            \"type\": \"integer\",","            \"title\": \"The size schema\",","            \"description\": \"An explanation about the purpose of this instance.\",","            \"default\": 0,","            \"examples\": [","                0","            ]","        },","        \"stargazers_count\": {","            \"$id\": \"#/properties/stargazers_count\",","            \"type\": \"integer\",","            \"title\": \"The stargazers_count schema\",","            \"description\": \"An explanation about the purpose of this instance.\",","            \"default\": 0,","            \"examples\": [","                0","            ]","        },","        \"watchers_count\": {","            \"$id\": \"#/properties/watchers_count\",","            \"type\": \"integer\",","            \"title\": \"The watchers_count schema\",","            \"description\": \"An explanation about the purpose of this instance.\",","            \"default\": 0,","            \"examples\": [","                0","            ]","        },","        \"language\": {","            \"$id\": \"#/properties/language\",","            \"type\": \"null\",","            \"title\": \"The language schema\",","            \"description\": \"An explanation about the purpose of this instance.\",","            \"default\": null,","            \"examples\": [","                null","            ]","        },","        \"has_issues\": {","            \"$id\": \"#/properties/has_issues\",","            \"type\": \"boolean\",","            \"title\": \"The has_issues schema\",","            \"description\": \"An explanation about the purpose of this instance.\",","            \"default\": false,","            \"examples\": [","                true","            ]","        },","        \"has_projects\": {","            \"$id\": \"#/properties/has_projects\",","            \"type\": \"boolean\",","            \"title\": \"The has_projects schema\",","            \"description\": \"An explanation about the purpose of this instance.\",","            \"default\": false,","            \"examples\": [","                true","            ]","        },","        \"has_downloads\": {","            \"$id\": \"#/properties/has_downloads\",","            \"type\": \"boolean\",","            \"title\": \"The has_downloads schema\",","            \"description\": \"An explanation about the purpose of this instance.\",","            \"default\": false,","            \"examples\": [","                true","            ]","        },","        \"has_wiki\": {","            \"$id\": \"#/properties/has_wiki\",","            \"type\": \"boolean\",","            \"title\": \"The has_wiki schema\",","            \"description\": \"An explanation about the purpose of this instance.\",","            \"default\": false,","            \"examples\": [","                true","            ]","        },","        \"has_pages\": {","            \"$id\": \"#/properties/has_pages\",","            \"type\": \"boolean\",","            \"title\": \"The has_pages schema\",","            \"description\": \"An explanation about the purpose of this instance.\",","            \"default\": false,","            \"examples\": [","                false","            ]","        },","        \"forks_count\": {","            \"$id\": \"#/properties/forks_count\",","            \"type\": \"integer\",","            \"title\": \"The forks_count schema\",","            \"description\": \"An explanation about the purpose of this instance.\",","            \"default\": 0,","            \"examples\": [","                0","            ]","        },","        \"mirror_url\": {","            \"$id\": \"#/properties/mirror_url\",","            \"type\": \"null\",","            \"title\": \"The mirror_url schema\",","            \"description\": \"An explanation about the purpose of this instance.\",","            \"default\": null,","            \"examples\": [","                null","            ]","        },","        \"archived\": {","            \"$id\": \"#/properties/archived\",","            \"type\": \"boolean\",","            \"title\": \"The archived schema\",","            \"description\": \"An explanation about the purpose of this instance.\",","            \"default\": false,","            \"examples\": [","                false","            ]","        },","        \"disabled\": {","            \"$id\": \"#/properties/disabled\",","            \"type\": \"boolean\",","            \"title\": \"The disabled schema\",","            \"description\": \"An explanation about the purpose of this instance.\",","            \"default\": false,","            \"examples\": [","                false","            ]","        },","        \"open_issues_count\": {","            \"$id\": \"#/properties/open_issues_count\",","            \"type\": \"integer\",","            \"title\": \"The open_issues_count schema\",","            \"description\": \"An explanation about the purpose of this instance.\",","            \"default\": 0,","            \"examples\": [","                0","            ]","        },","        \"license\": {","            \"$id\": \"#/properties/license\",","            \"type\": \"null\",","            \"title\": \"The license schema\",","            \"description\": \"An explanation about the purpose of this instance.\",","            \"default\": null,","            \"examples\": [","                null","            ]","        },","        \"forks\": {","            \"$id\": \"#/properties/forks\",","            \"type\": \"integer\",","            \"title\": \"The forks schema\",","            \"description\": \"An explanation about the purpose of this instance.\",","            \"default\": 0,","            \"examples\": [","                0","            ]","        },","        \"open_issues\": {","            \"$id\": \"#/properties/open_issues\",","            \"type\": \"integer\",","            \"title\": \"The open_issues schema\",","            \"description\": \"An explanation about the purpose of this instance.\",","            \"default\": 0,","            \"examples\": [","                0","            ]","        },","        \"watchers\": {","            \"$id\": \"#/properties/watchers\",","            \"type\": \"integer\",","            \"title\": \"The watchers schema\",","            \"description\": \"An explanation about the purpose of this instance.\",","            \"default\": 0,","            \"examples\": [","                0","            ]","        },","        \"default_branch\": {","            \"$id\": \"#/properties/default_branch\",","            \"type\": \"string\",","            \"title\": \"The default_branch schema\",","            \"description\": \"An explanation about the purpose of this instance.\",","            \"default\": \"\",","            \"examples\": [","                \"master\"","            ]","        },","        \"temp_clone_token\": {","            \"$id\": \"#/properties/temp_clone_token\",","            \"type\": \"null\",","            \"title\": \"The temp_clone_token schema\",","            \"description\": \"An explanation about the purpose of this instance.\",","            \"default\": null,","            \"examples\": [","                null","            ]","        },","        \"network_count\": {","            \"$id\": \"#/properties/network_count\",","            \"type\": \"integer\",","            \"title\": \"The network_count schema\",","            \"description\": \"An explanation about the purpose of this instance.\",","            \"default\": 0,","            \"examples\": [","                0","            ]","        },","        \"subscribers_count\": {","            \"$id\": \"#/properties/subscribers_count\",","            \"type\": \"integer\",","            \"title\": \"The subscribers_count schema\",","            \"description\": \"An explanation about the purpose of this instance.\",","            \"default\": 0,","            \"examples\": [","                1","            ]","        }","    }","};","","pm.test('Check for minProperties and Field Type', function() {","  var jsonData = pm.response.json();","  // Check for minProperties and Field Type","  pm.expect(tv4.validate(jsonData, schema)).to.be.true;","});","",""],"id":"31126f0f-8829-40b2-bb82-b97e8162cbe5"}}],"id":"601f97f9-7f31-405c-b839-e3a4b8698def","protocolProfileBehavior":{"disableBodyPruning":true},"request":{"auth":{"type":"basic","basic":[{"key":"username","value":"","type":"string"},{"key":"password","value":"","type":"string"},{"key":"showPassword","value":false,"type":"boolean"}]},"method":"GET","header":[],"url":{"raw":"https://api.github.com/repos/apitestingco/helloapi","protocol":"https","host":["api","github","com"],"path":["repos","apitestingco","helloapi"]}},"response":[]},{"name":"Create Repo of Auth user","event":[{"listen":"test","script":{"type":"text/javascript","exec":["pm.test(\"Your test name\", function () {","    var jsonData = pm.response.json();","    var repoName = jsonData[\"name\"];","    pm.globals.set(\"repoName\",repoName);","});",""],"id":"bec6d286-e829-47a9-be84-ca77e357771b"}},{"listen":"prerequest","script":{"type":"text/javascript","exec":["var tempRepoName = \"Demo11\"+ \"1991\";","console.log(\"Post \"+tempRepoName);","pm.globals.set(\"tempRepoName\", tempRepoName);"],"id":"07f2ed60-0e2c-45af-acf6-88017c2e9c6a"}}],"id":"c3e18591-de7b-4042-9df7-695feb02e34d","protocolProfileBehavior":{"disableBodyPruning":true},"request":{"method":"POST","header":[{"key":"Authorization","value":"token b3ce09df9df4442c05048789bd46615df2bbeef0","type":"text"}],"body":{"mode":"raw","raw":"{\n  \"name\": \"aa\",\n  \"description\": \"This is your first repository\",\n  \"homepage\": \"https://github.com\",\n  \"private\": false,\n  \"has_issues\": true,\n  \"has_projects\": true,\n  \"has_wiki\": true\n}","options":{"raw":{"language":"json"}}},"url":{"raw":"https://api.github.com/user/repos","protocol":"https","host":["api","github","com"],"path":["user","repos"]}},"response":[]},{"name":"GET Single Repo - After Creation","id":"6c55a359-de5c-4ba3-926a-969b7fc3eb3b","protocolProfileBehavior":{"disableBodyPruning":true},"request":{"auth":{"type":"basic","basic":[{"key":"username","value":"","type":"string"},{"key":"password","value":"","type":"string"},{"key":"showPassword","value":false,"type":"boolean"}]},"method":"GET","header":[],"url":{"raw":"https://api.github.com/repos/apitestingco/helloapi","protocol":"https","host":["api","github","com"],"path":["repos","apitestingco","helloapi"]}},"response":[]},{"name":"Update Repo Github","event":[{"listen":"test","script":{"type":"text/javascript","exec":["pm.test(\"Your test name\", function () {","    var jsonData = pm.response.json();","    if(jsonData['name'] == 'Dutta'){","        postman.setNextRequest('ping');","    }","    else{","        postman.setNextRequest(null);","    }","});"],"id":"b9cc66ad-f270-4bc2-9a7b-e83c9baa89a2"}},{"listen":"prerequest","script":{"type":"text/javascript","exec":["// var tempRepoName =  pm.globals.get(\"tempRepoName\");","// console.log(\"PATCH \"+tempRepoName);","// pm.globals.set(\"tempRepoName\", tempRepoName);"],"id":"1a801204-3002-4d0f-a454-2502f8c3215a"}}],"id":"5c9a74fe-ed6d-4669-89c5-907b20a8f16f","protocolProfileBehavior":{"disableBodyPruning":true},"request":{"auth":{"type":"basic","basic":[{"key":"username","value":"apitestingco","type":"string"},{"key":"password","value":"bYrbP5xqCnFC3nT","type":"string"},{"key":"showPassword","value":false,"type":"boolean"}]},"method":"PATCH","header":[],"body":{"mode":"raw","raw":"{\n  \"name\": \"Dutta\",\n  \"description\": \"This is your first repository\",\n  \"homepage\": \"https://github.com\",\n  \"private\": true,\n  \"has_issues\": true,\n  \"has_projects\": true,\n  \"has_wiki\": true\n}","options":{"raw":{"language":"json"}}},"url":{"raw":"https://api.github.com/repos/apitestingco/{{tempRepoName}}","protocol":"https","host":["api","github","com"],"path":["repos","apitestingco","{{tempRepoName}}"]}},"response":[]},{"name":"GET Single Repo After Update","id":"e4a227a6-a4f3-4734-8a02-8bd5a75ea399","protocolProfileBehavior":{"disableBodyPruning":true},"request":{"auth":{"type":"basic","basic":[{"key":"username","value":"","type":"string"},{"key":"password","value":"","type":"string"},{"key":"showPassword","value":false,"type":"boolean"}]},"method":"GET","header":[],"url":{"raw":"https://api.github.com/repos/apitestingco/helloapi","protocol":"https","host":["api","github","com"],"path":["repos","apitestingco","helloapi"]}},"response":[]},{"name":"DeleteRepo","event":[{"listen":"test","script":{"id":"e7ad8d06-cc80-40d2-8c6e-5c1c67563dfa","exec":[""],"type":"text/javascript"}}],"id":"420ab4db-2bb4-450e-8aec-56e4f5c474f0","protocolProfileBehavior":{"disableBodyPruning":true},"request":{"auth":{"type":"basic","basic":[{"key":"username","value":"apitestingco","type":"string"},{"key":"password","value":"bYrbP5xqCnFC3nT","type":"string"},{"key":"showPassword","value":false,"type":"boolean"}]},"method":"DELETE","header":[],"url":{"raw":"https://api.github.com/repos/apitestingco/Dutta","protocol":"https","host":["api","github","com"],"path":["repos","apitestingco","Dutta"]}},"response":[]},{"name":"GET Single Repo After Delete","id":"da7e36b3-377c-4981-a631-eeed7b19c062","protocolProfileBehavior":{"disableBodyPruning":true},"request":{"auth":{"type":"basic","basic":[{"key":"username","value":"","type":"string"},{"key":"password","value":"","type":"string"},{"key":"showPassword","value":false,"type":"boolean"}]},"method":"GET","header":[],"url":{"raw":"https://api.github.com/repos/apitestingco/helloapi","protocol":"https","host":["api","github","com"],"path":["repos","apitestingco","helloapi"]}},"response":[]},{"name":"ping","id":"cbd863c7-4e52-4916-a875-d8a7e0ec3801","protocolProfileBehavior":{"disableBodyPruning":true},"request":{"method":"GET","header":[],"url":{"raw":"https://api.ipify.org?format=json","protocol":"https","host":["api","ipify","org"],"query":[{"key":"format","value":"json"}]}},"response":[]}],"id":"54fed740-d77c-46b9-9ada-06612467b676"},{"name":"3. File Upload API","item":[{"name":"Get Image with OAuth2","id":"6beace1c-1405-4574-b73e-3f2c86a4afd0","protocolProfileBehavior":{"disableBodyPruning":true},"request":{"auth":{"type":"oauth2","oauth2":[{"key":"accessToken","value":"","type":"string"},{"key":"addTokenTo","value":"header","type":"string"},{"key":"tokenType","value":"bearer","type":"string"}]},"method":"GET","header":[{"warning":"This is a duplicate header and will be overridden by the Authorization header generated by Postman.","key":"Authorization","value":"Client-ID:42195cf805f80b4","type":"text"},{"key":"","value":"","type":"text"}],"url":{"raw":"https://api.imgur.com/3/image/mJGvOUx","protocol":"https","host":["api","imgur","com"],"path":["3","image","mJGvOUx"]}},"response":[]},{"name":"Upload image with OAuth2","id":"0774cc04-a677-4cba-9846-8fb59717356b","protocolProfileBehavior":{"disabledSystemHeaders":{"accept-encoding":true},"disableBodyPruning":true},"request":{"auth":{"type":"oauth2","oauth2":[{"key":"accessToken","value":"","type":"string"},{"key":"addTokenTo","value":"header","type":"string"},{"key":"tokenType","value":"bearer","type":"string"}]},"method":"POST","header":[{"key":"Accept-Encoding","value":"video/mp4","type":"text","disabled":true}],"body":{"mode":"formdata","formdata":[{"key":"image","value":"","type":"text","disabled":true},{"key":"image","type":"file","src":"/Users/promode/Downloads/PPTTA.png"}]},"url":{"raw":"https://api.imgur.com/3/upload","protocol":"https","host":["api","imgur","com"],"path":["3","upload"]}},"response":[]},{"name":"Update Image info OAuth2","id":"bac34d21-515b-4cac-abb4-5d547b6d3aba","protocolProfileBehavior":{"disableBodyPruning":true},"request":{"auth":{"type":"oauth2","oauth2":[{"key":"accessToken","value":"","type":"string"},{"key":"addTokenTo","value":"header","type":"string"},{"key":"tokenType","value":"bearer","type":"string"}]},"method":"POST","header":[],"body":{"mode":"formdata","formdata":[{"key":"title","value":"dasdasd","type":"text"},{"key":"description","value":"The description of the image.","type":"text"}]},"url":{"raw":"https://api.imgur.com/3/image/DpfgBDj","protocol":"https","host":["api","imgur","com"],"path":["3","image","DpfgBDj"]}},"response":[]}],"id":"81226880-0e04-44c7-b6ed-8f27cc54b2ff"},{"name":"4. JIRA- Basic Auth","item":[{"name":"GET Issue - POD-2","id":"a0c4e58b-b006-4fb3-b365-86e7df945429","protocolProfileBehavior":{"disableBodyPruning":true},"request":{"auth":{"type":"basic","basic":[{"key":"username","value":"","type":"string"},{"key":"password","value":"","type":"string"},{"key":"showPassword","value":false,"type":"boolean"}]},"method":"GET","header":[{"key":"user","value":"ekdumbakchod@gmail.com:hYcYBzJ7Ig0XL74RhnSD8DC3","type":"text","disabled":true}],"url":{"raw":"https://restapidemos.atlassian.net/rest/api/3/issue/POD-2","protocol":"https","host":["restapidemos","atlassian","net"],"path":["rest","api","3","issue","POD-2"]}},"response":[]},{"name":"Create Issue","id":"0e146a7c-1d5b-433e-9456-a3276348a429","protocolProfileBehavior":{"disableBodyPruning":true},"request":{"auth":{"type":"basic","basic":[{"key":"username","value":"","type":"string"},{"key":"password","value":"","type":"string"},{"key":"showPassword","value":false,"type":"boolean"}]},"method":"POST","header":[{"key":"Accept","value":"application/json"},{"key":"Content-Type","value":"application/json"}],"body":{"mode":"raw","raw":"{\n\"fields\": {\n   \"project\":\n   { \n      \"key\": \"POD\",\n      \"id\": \"10000\"\n   },\n   \"summary\": \"REST EXAMPLE\",\n  \"description\": {\n          \"type\": \"doc\",\n          \"version\": 1,\n          \"content\": [\n            {\n              \"type\": \"paragraph\",\n              \"content\": [\n                {\n                  \"type\": \"text\",\n                  \"text\": \"description\"\n                }\n              ]\n            }\n          ]\n        },\n\n   \"issuetype\": {\n      \"name\": \"Bug\"\n   }\n  }\n}"},"url":{"raw":"https://restapidemos.atlassian.net/rest/api/3/issue","protocol":"https","host":["restapidemos","atlassian","net"],"path":["rest","api","3","issue"]}},"response":[]},{"name":"Create Bulk Issues","id":"f9d687c9-5870-4cdd-9a38-c8a9d7e0f680","protocolProfileBehavior":{"disableBodyPruning":true},"request":{"auth":{"type":"basic","basic":[{"key":"username","value":"","type":"string"},{"key":"password","value":"","type":"string"},{"key":"showPassword","value":false,"type":"boolean"}]},"method":"POST","header":[{"key":"Accept","value":"application/json"},{"key":"Content-Type","value":"application/json"}],"body":{"mode":"raw","raw":"{\"issueUpdates\" : [{\n\"fields\": {\n   \"project\":\n   { \n      \"key\": \"POD\",\n      \"id\": \"10000\"\n   },\n   \"summary\": \"REST EXAMPLE\",\n  \"description\": {\n          \"type\": \"doc\",\n          \"version\": 1,\n          \"content\": [\n            {\n              \"type\": \"paragraph\",\n              \"content\": [\n                {\n                  \"type\": \"text\",\n                  \"text\": \"description\"\n                }\n              ]\n            }\n          ]\n        },\n\n   \"issuetype\": {\n      \"name\": \"Bug\"\n   }\n  }\n},{\n\"fields\": {\n   \"project\":\n   { \n      \"key\": \"POD\",\n      \"id\": \"10000\"\n   },\n   \"summary\": \"REST EXAMPLE\",\n  \"description\": {\n          \"type\": \"doc\",\n          \"version\": 1,\n          \"content\": [\n            {\n              \"type\": \"paragraph\",\n              \"content\": [\n                {\n                  \"type\": \"text\",\n                  \"text\": \"description\"\n                }\n              ]\n            }\n          ]\n        },\n\n   \"issuetype\": {\n      \"name\": \"Bug\"\n   }\n  }\n}]}"},"url":{"raw":"https://restapidemos.atlassian.net/rest/api/3/issue/bulk","protocol":"https","host":["restapidemos","atlassian","net"],"path":["rest","api","3","issue","bulk"]}},"response":[]},{"name":"Update Issue Fields","id":"3c925ab6-84e6-4f24-98ee-1ccc0cf3cda9","protocolProfileBehavior":{"disableBodyPruning":true},"request":{"auth":{"type":"basic","basic":[{"key":"username","value":"","type":"string"},{"key":"password","value":"","type":"string"},{"key":"showPassword","value":false,"type":"boolean"}]},"method":"PUT","header":[{"key":"Accept","value":"application/json"},{"key":"Content-Type","value":"application/json"}],"body":{"mode":"raw","raw":"{ \n  \"update\": {\n    \"timetracking\": [\n      {\n        \"edit\": {\n          \"remainingEstimate\": \"100d\",\n          \"originalEstimate\": \"100w 1d\"\n        }\n      }\n    ],\n    \"labels\": [\n      {\n        \"add\": \"triaged\"\n      },\n      {\n        \"remove\": \"blocker\"\n      }\n    ]\n  }\n}"},"url":{"raw":"https://restapidemos.atlassian.net/rest/api/3/issue/POD-1","protocol":"https","host":["restapidemos","atlassian","net"],"path":["rest","api","3","issue","POD-1"]}},"response":[]},{"name":"Delete Existing Issue","id":"168dcad3-9b80-47ef-aa7e-6a7176384a4a","protocolProfileBehavior":{"disableBodyPruning":true},"request":{"auth":{"type":"basic","basic":[{"key":"username","value":"","type":"string"},{"key":"password","value":"","type":"string"},{"key":"showPassword","value":false,"type":"boolean"}]},"method":"DELETE","header":[{"key":"user","value":"ekdumbakchod@gmail.com:hYcYBzJ7Ig0XL74RhnSD8DC3","type":"text","disabled":true}],"url":{"raw":"https://restapidemos.atlassian.net/rest/api/3/issue/POD-1","protocol":"https","host":["restapidemos","atlassian","net"],"path":["rest","api","3","issue","POD-1"]}},"response":[]}],"id":"7d2ffa70-c5eb-4f76-80b7-501fce28b724","event":[{"listen":"prerequest","script":{"id":"5e53ba3d-aa32-44a8-b77c-60cec90b1379","type":"text/javascript","exec":[""]}},{"listen":"test","script":{"id":"a4208fd3-dc09-4d72-8afb-6765729081b3","type":"text/javascript","exec":[""]}}]},{"name":"5. JSON Schema Validation","item":[{"name":"JsonSchema Validation Example","event":[{"listen":"test","script":{"type":"text/javascript","exec":["var schema = {","    \"type\" : \"object\",","    \"properties\" : {","        \"id\" : {","            \"type\" : \"integer\",","        },","        \"name\" : {","            \"type\" : \"string\"","        },","        \"phoneNumber\" : {","            \"type\" : \"array\",","            \"minItems\" : 2,","            \"items\" : {","                \"type\" : \"integer\"","            }","        }","    },","    \"required\" : [\"id\",\"name\"]","","}","","","pm.test('Schema is valid', function () {","","    ","        pm.expect(tv4.validate(pm.response.json(), schema)).to.be.true;","","   ","","});",""],"id":"5e380cd3-3692-4b6f-bcde-2758caad9f1f"}}],"id":"815fe719-e81a-491c-b7ec-4f4f011a955f","protocolProfileBehavior":{"disableBodyPruning":true},"request":{"method":"GET","header":[],"url":{"raw":"https://46932dd1-9576-48a7-8258-e2e2f27fcdd5.mock.pstmn.io","protocol":"https","host":["46932dd1-9576-48a7-8258-e2e2f27fcdd5","mock","pstmn","io"]}},"response":[{"id":"08ab060f-35c9-4006-91f0-45960c0adf57","name":"Test","originalRequest":{"method":"GET","header":[],"url":{"raw":"https://fb778383-3e23-4acd-b6f8-4ae8a8266185.mock.pstmn.io","protocol":"https","host":["fb778383-3e23-4acd-b6f8-4ae8a8266185","mock","pstmn","io"]}},"status":"OK","code":200,"_postman_previewlanguage":"json","header":[{"key":"Content-Type","value":"application/json; charset=UTF-8"},{"key":"Date","value":"Tue, 25 Aug 2020 19:25:29 GMT"},{"key":"Content-Length","value":"86"},{"key":"Sozu-Id","value":"3b522fbe-1cc5-4501-a0ea-c9b5cfbde818"}],"cookie":[],"responseTime":null,"body":"{\n    \"id\": 1,\n    \"name\": \"Pramod D\",\n    \"phoneNumber\": [\n        9862626272,\n        982162121\n    ]\n}"}]}],"id":"cab71e57-b030-40a8-85d2-dab35419178e"},{"name":"Authentication","item":[{"name":"Basic Auth.","event":[{"listen":"test","script":{"type":"text/javascript","exec":["pm.test(\"Response time is less than 200ms\", function () {","    pm.expect(pm.response.responseTime).to.be.below(1000);","});","","pm.test(\"Content-Type is present\", function () {","    pm.response.to.have.header(\"Content-Type\");","});","","pm.test(\"Status code Ok HTTP Status has string\", function () {","    pm.response.to.have.status(\"OK\");","});","","pm.test(\"Name Key in Repo\", function () {","    var jsonData = pm.response.json();","    pm.expect(jsonData[0]['name']).to.eql('Demo11236');","});","","",""],"id":"34d9aa38-d555-4d9b-99b3-7a70b9fbfa5c"}}],"id":"87f288a8-0fec-4a94-94be-e9f2e5c48a5b","protocolProfileBehavior":{"disableBodyPruning":true},"request":{"auth":{"type":"basic","basic":[{"key":"username","value":"","type":"string"},{"key":"password","value":"","type":"string"},{"key":"showPassword","value":false,"type":"boolean"}]},"method":"GET","header":[],"url":{"raw":"https://api.github.com/users/apitestingco/repos","protocol":"https","host":["api","github","com"],"path":["users","apitestingco","repos"]}},"response":[]},{"name":"OAuth2","id":"c13eb5f8-c3f0-47bb-80cb-56b651f4cb07","protocolProfileBehavior":{"disableBodyPruning":true},"request":{"auth":{"type":"oauth2","oauth2":[{"key":"accessToken","value":"","type":"string"},{"key":"addTokenTo","value":"header","type":"string"},{"key":"tokenType","value":"bearer","type":"string"}]},"method":"GET","header":[{"warning":"This is a duplicate header and will be overridden by the Authorization header generated by Postman.","key":"Authorization","value":"Client-ID:42195cf805f80b4","type":"text"},{"key":"","value":"","type":"text"}],"url":{"raw":"https://api.imgur.com/3/image/mJGvOUx","protocol":"https","host":["api","imgur","com"],"path":["3","image","mJGvOUx"]}},"response":[]}],"id":"bda2c62e-9fc1-4c0f-a173-6809dfbbb858"},{"name":"Spotify Playlist (OAuth)","item":[{"name":"GET Playlist of User","id":"3cf612d5-2cc1-49cf-bca7-f21607394a49","protocolProfileBehavior":{"disableBodyPruning":true},"request":{"auth":{"type":"bearer","bearer":[{"key":"token","value":"","type":"string"}]},"method":"GET","header":[],"url":{"raw":"https://api.spotify.com/v1/me/playlists","protocol":"https","host":["api","spotify","com"],"path":["v1","me","playlists"]}},"response":[]},{"name":"POST - Add Track to Playlist ","id":"848b55ed-5093-46c7-beda-e7d631a49c0a","protocolProfileBehavior":{"disableBodyPruning":true},"request":{"auth":{"type":"bearer","bearer":[{"key":"token","value":"","type":"string"}]},"method":"POST","header":[],"body":{"mode":"raw","raw":"","options":{"raw":{"language":"json"}}},"url":{"raw":"https://api.spotify.com/v1/playlists/6ugCNW8ErunXgtaUUzStAe/tracks?uris=spotify:track:4iV5W9uYEdYUVa79Axb7Rh,spotify:track:1301WleyT98MSxVHPZCA6M","protocol":"https","host":["api","spotify","com"],"path":["v1","playlists","6ugCNW8ErunXgtaUUzStAe","tracks"],"query":[{"key":"uris","value":"spotify:track:4iV5W9uYEdYUVa79Axb7Rh,spotify:track:1301WleyT98MSxVHPZCA6M"}]}},"response":[]},{"name":"PUT - Update the Playlist Name","id":"520a1aec-50ce-4df0-b22a-ade5287e13ce","protocolProfileBehavior":{"disableBodyPruning":true},"request":{"auth":{"type":"bearer","bearer":[{"key":"token","value":"","type":"string"}]},"method":"PUT","header":[],"body":{"mode":"raw","raw":"{\n  \"name\": \"22_33\",\n  \"description\": \"Updated playlist description\",\n  \"public\": false\n}","options":{"raw":{"language":"json"}}},"url":{"raw":"https://api.spotify.com/v1/playlists/0WT22JEQcnFmFtsIAozGvB","protocol":"https","host":["api","spotify","com"],"path":["v1","playlists","0WT22JEQcnFmFtsIAozGvB"]}},"response":[]},{"name":"Create Playlist","id":"e3f1b159-6e61-4c2c-b04f-5eb0e3901fc2","protocolProfileBehavior":{"disableBodyPruning":true},"request":{"auth":{"type":"bearer","bearer":[{"key":"token","value":"","type":"string"}]},"method":"POST","header":[],"body":{"mode":"raw","raw":"{\n  \"name\": \"New Playlist\",\n  \"description\": \"New playlist description\",\n  \"public\": false\n}","options":{"raw":{"language":"json"}}},"url":{"raw":"https://api.spotify.com/v1/users/promode_data/playlists","protocol":"https","host":["api","spotify","com"],"path":["v1","users","promode_data","playlists"]}},"response":[]},{"name":"About Me","id":"82614d2b-62db-4492-a8ac-1a5f6740f918","protocolProfileBehavior":{"disableBodyPruning":true},"request":{"auth":{"type":"bearer","bearer":[{"key":"token","value":"","type":"string"}]},"method":"GET","header":[],"url":{"raw":"https://api.spotify.com/v1/me","protocol":"https","host":["api","spotify","com"],"path":["v1","me"]}},"response":[]},{"name":"HelloJi","event":[{"listen":"test","script":{"type":"text/javascript","exec":["console.log(pm.info.requestName);"],"id":"3d8c6eeb-386b-4b5d-a5d2-c961ec721708"}},{"listen":"prerequest","script":{"type":"text/javascript","exec":["var a = 1;"],"id":"d446b031-a48a-486a-9c92-76d6b9738ee1"}}],"id":"c6137fb0-e76f-4241-8854-c3cd8cc50bbf","protocolProfileBehavior":{"strictSSL":true,"disableBodyPruning":true},"request":{"method":"GET","header":[{"key":"authority","value":"reqres.in"},{"key":"cache-control","value":"max-age=0"},{"key":"dnt","value":"1"},{"key":"upgrade-insecure-requests","value":"1"},{"key":"user-agent","value":"Mozilla/5.0 (Macintosh; Intel Mac OS X 10_15_6) AppleWebKit/537.36 (KHTML, like Gecko) Chrome/85.0.4183.83 Safari/537.36"},{"key":"accept","value":"text/html,application/xhtml+xml,application/xml;q=0.9,image/avif,image/webp,image/apng,*/*;q=0.8,application/signed-exchange;v=b3;q=0.9"},{"key":"sec-fetch-site","value":"same-origin"},{"key":"sec-fetch-mode","value":"navigate"},{"key":"sec-fetch-user","value":"?1"},{"key":"sec-fetch-dest","value":"document"},{"key":"referer","value":"https://reqres.in/"},{"key":"accept-language","value":"en-US,en;q=0.9,fr;q=0.8"},{"key":"cookie","value":"__cfduid=d1383c49bfc8117a2e41cdfbea8785d2b1596775824"},{"key":"if-none-match","value":"W/\"4dd-IPv5LdOOb6s5S9E3i59wBCJ1k/0\""},{"key":"Content-Type","value":"app","type":"text","disabled":true}],"body":{"mode":"graphql","graphql":{"query":"{\n    a\n}","variables":""}},"url":{"raw":"http://localhost:8081/persons","protocol":"http","host":["localhost"],"port":"8081","path":["persons"]}},"response":[]}],"id":"f3fac734-bf2f-496d-8aec-d4f87b7e9729","description":"Docoumentation - https://developer.spotify.com/console/playlists/","event":[{"listen":"prerequest","script":{"id":"841895a9-eaca-4faf-bb18-8c76c474e5c6","type":"text/javascript","exec":[""]}},{"listen":"test","script":{"id":"e9ec1891-6047-4daf-aa5e-432d45ea91a2","type":"text/javascript","exec":[""]}}]}],"event":[{"listen":"prerequest","script":{"id":"87a6f9a9-cfc6-44dd-8918-b78b34fce677","type":"text/javascript","exec":[""]}},{"listen":"test","script":{"id":"56309ac2-aaf7-453b-8790-4d0753031c60","type":"text/javascript","exec":[""]}}],"variable":[{"id":"e4e09f4c-f10a-4c66-95ae-79e4d76cad16","key":"url","value":"helloji.com","type":"string"}]}