{"info":{"_postman_id":"12677a22-f253-40c7-ba36-69065f6edfa5","name":"test hydrogen live server","schema":"https://schema.getpostman.com/json/collection/v2.1.0/collection.json"},"item":[{"name":"Green_Hydrogen_Portal_APIs","item":[{"name":"Login","item":[{"name":"login Copy","event":[{"listen":"test","script":{"id":"6516fa61-b85c-488a-b363-fd32431a5846","exec":["loginData = JSON.parse(responseBody)\r","pm.test(\"Status code is 200\", function () {\r","    pm.response.to.have.status(200);\r","});\r","token = loginData.token\r","console.log(\"token-------------->\", token)\r","pm.environment.set(\"TOKEN\",\"Token \"+ token);"],"type":"text/javascript"}}],"id":"6beeb0d5-65a6-4bb5-a308-c3829bbcc84e","protocolProfileBehavior":{"disableBodyPruning":true},"request":{"method":"POST","header":[],"body":{"mode":"raw","raw":"{\r\n    \"username\":\"admin\",\r\n    \"password\":\"Hydrogen@12\"\r\n}","options":{"raw":{"language":"json"}}},"url":{"raw":"{{url}}/hydrogen/login/","host":["{{url}}"],"path":["hydrogen","login",""]}},"response":[]},{"name":"reset password","id":"dc6d90bb-db44-44a5-bdff-32cfef0eb7f3","protocolProfileBehavior":{"disableBodyPruning":true},"request":{"method":"POST","header":[],"body":{"mode":"raw","raw":"{\"password\":\"Admin@123\",\r\n\"confirm_password\":\"Admin@123\"}","options":{"raw":{"language":"json"}}},"url":{"raw":"{{url}}/hydrogen/reset_password/{{RESET_TOKEN}}/","host":["{{url}}"],"path":["hydrogen","reset_password","{{RESET_TOKEN}}",""]}},"response":[]},{"name":"forgot_password","id":"8c5730a2-4bdc-4c8d-84e1-bce3bd52458a","protocolProfileBehavior":{"disableBodyPruning":true},"request":{"method":"POST","header":[],"body":{"mode":"raw","raw":"{\"email\":\"suraj12911@gmail.com\"}","options":{"raw":{"language":"json"}}},"url":{"raw":"{{url}}/hydrogen/forgot_password/","host":["{{url}}"],"path":["hydrogen","forgot_password",""]}},"response":[]},{"name":"change password","id":"317ef651-dfad-4405-832b-90a6cfc60c6b","protocolProfileBehavior":{"disableBodyPruning":true},"request":{"method":"PUT","header":[{"key":"Content-Type","value":"application/json","type":"text"},{"key":"Authorization","value":"Token a2e3b90e101a06dd42fe21b421a885a4ee0a75ccc6b4c87da527efd37e3b79fd","type":"text"}],"body":{"mode":"raw","raw":"{\r\n    \"old_password\": \"Hydrogen@123\",\r\n    \"new_password\": \"Admin@12\",\r\n    \"confirm_password\": \"Admin@12\"\r\n}"},"url":{"raw":"{{url}}/hydrogen/change-password/1/","host":["{{url}}"],"path":["hydrogen","change-password","1",""]}},"response":[]}],"id":"3c9a0ba2-227f-42e1-90bf-3a6f361a237e"},{"name":"Blog","item":[{"name":"Create Blog","event":[{"listen":"test","script":{"id":"ca6a41c7-7abb-4e0a-870f-58722a436b00","exec":["pm.test(\"Status code is 200\", function () {\r","    pm.response.to.have.status(200);\r","});\r","\r","blogData = JSON.parse(responseBody)\r","blog_id = blogData.blog_id\r","console.log(\"Blog Created-------------->\", blog_id)\r","pm.environment.set(\"BLOG_ID\", blog_id);"],"type":"text/javascript"}}],"id":"d64dbda9-194a-4fe4-a029-6da12389c619","protocolProfileBehavior":{"disableBodyPruning":true},"request":{"method":"POST","header":[{"key":"Authorization","value":"{{TOKEN}}","type":"text"}],"body":{"mode":"raw","raw":"{\r\n    \"blog_pdf\": null,\r\n    \"pdf_url\": \"https://www.youtube.com/watch?v=aYBGSfzaa4c\",\r\n    \"blog_image\": \"https://shreyastechnosoft.centralindia.cloudapp.azure.com/media/images_documents/admin/images_1628572320.jfif\",\r\n    \"blog_thumbnail\": \"http://127.0.0.1:8000/media/images_documents/admin/images_1628512333.jfif\",\r\n    \"title\": \"blog one1\",\r\n    \"video_url\": \"https://www.youtube.com/watch?v=aYBGSfzaa4c\",\r\n    \"short_description\": \"sdfds\",\r\n    \"description\": \"dsfsafa\",\r\n    \"tag\": [\r\n        {\r\n            \"id\": 1,\r\n            \"display_name\": \"News\",\r\n            \"tag_category\": \"news\"\r\n        }\r\n    ]\r\n}","options":{"raw":{"language":"json"}}},"url":{"raw":"{{url}}/hydrogen/blog/","host":["{{url}}"],"path":["hydrogen","blog",""]}},"response":[]},{"name":"Update Blog","event":[{"listen":"test","script":{"id":"0cf42d41-190b-4854-b67e-243815d6a739","exec":["// pm.test(\"Status code is 200\", function () {\r","//     pm.response.to.have.status(200);\r","// });"],"type":"text/javascript"}},{"listen":"prerequest","script":{"id":"6c96586f-845d-4d45-8979-c2fa381ce2bf","exec":["// blogData = JSON.parse(responseBody)\r","// blog_id = blogData.blog_id\r","// console.log(\"Blog Created-------------->\", blog_id)\r","// pm.environment.set(\"BLOG_ID\", blog_id);"],"type":"text/javascript"}}],"id":"ee6cc4b5-17c6-42ff-b5c1-57c4d4e80e5d","protocolProfileBehavior":{"disableBodyPruning":true},"request":{"method":"PUT","header":[{"key":"Authorization","value":"{{TOKEN}}","type":"text"}],"body":{"mode":"raw","raw":"{\r\n    \"blog_id\": \"{{BLOG_ID}}\",\r\n    \"blog_author_lab_id\": null,\r\n    \"user\": 1,\r\n    \"blog_pdf\": null,\r\n    \"pdf_url\": \"https://www.youtube.com/watch?v=aYBG1\",\r\n    \"blog_image\": \"\",\r\n    \"blog_thumbnail\": \"https://shreyastechnosoft.centralindia.cloudapp.azure.com/media/images_documents/admin/images_1628572320.jfif\",\r\n    \"title\": \"blog two\",\r\n    \"video_url\": \"https://www.youtube.com/watch?v=aYBGSfc\",\r\n    \"short_description\": \"As the world grapples with climate change, urban energy systems have emerged.\",\r\n    \"description\": \"<p>As the world grapples with climate change, urban energy systems have emerged as a key focus of mitigation and adaptation strategies. Cities contribute high shares of global carbon dioxide (CO2) emissions. Yet they also offer clear opportunities to reduce emissions and develop climate-resilient future infrastructure.<br />\\r\\nThis report from the International Renewable Energy Agency (IRENA) highlights resource potential, targets, technology options and system-planning priorities for cities around the world. City-level targets - properly attuned to local resources and needs - are an essential component of the transition to renewables.<br />\\r\\nCities will need to accommodate two-thirds of the world&#39;s population in a liveable, low-carbon environment by 2050. Accelerated uptake of locally produced renewables can strengthen the urban economy, create new jobs and improve people&#39;s living conditions and welfare.</p>\",\r\n    \"tag\": [\r\n        {\r\n            \"id\": 2,\r\n            \"display_name\": \"Stakeholder\",\r\n            \"tag_category\": \"stakeholder\"\r\n        }\r\n    ],\r\n    \"weight\": 500\r\n}","options":{"raw":{"language":"json"}}},"url":{"raw":"{{url}}/hydrogen/blog/{{BLOG_ID}}/","host":["{{url}}"],"path":["hydrogen","blog","{{BLOG_ID}}",""]}},"response":[]},{"name":"List Blogs","event":[{"listen":"test","script":{"id":"2d730a7b-4925-4cf3-9f39-ce3483dcfeb7","exec":["pm.test(\"Status code is 200\", function () {\r","    pm.response.to.have.status(200);\r","});"],"type":"text/javascript"}}],"id":"acc7fe9e-b187-4eb0-99d4-ddfca16939ff","protocolProfileBehavior":{"disableBodyPruning":true},"request":{"method":"GET","header":[],"url":{"raw":"{{url}}/hydrogen/blog/","host":["{{url}}"],"path":["hydrogen","blog",""]}},"response":[]},{"name":"delete blog","event":[{"listen":"test","script":{"id":"b7690b2b-4835-45dc-ad53-5f934ead35fc","exec":["pm.test(\"Status code is 200\", function () {\r","    pm.response.to.have.status(200);\r","});"],"type":"text/javascript"}}],"id":"f49d21cd-ea9b-4a16-8221-b46e40ebd714","protocolProfileBehavior":{"disableBodyPruning":true},"request":{"method":"DELETE","header":[{"key":"Authorization","value":"{{TOKEN}}","type":"text"}],"url":{"raw":"{{url}}/hydrogen/blog/{{BLOG_ID}}/","host":["{{url}}"],"path":["hydrogen","blog","{{BLOG_ID}}",""]}},"response":[]},{"name":"my blogs","event":[{"listen":"test","script":{"id":"2c221f72-f460-4a19-87a5-02deca6197aa","exec":["pm.test(\"Status code is 200\", function () {\r","    pm.response.to.have.status(200);\r","});"],"type":"text/javascript"}}],"id":"663cd2c5-546e-4d39-9609-3f4778aa9635","protocolProfileBehavior":{"disableBodyPruning":true},"request":{"method":"GET","header":[{"key":"Authorization","value":"{{TOKEN}}","type":"text"}],"body":{"mode":"raw","raw":""},"url":{"raw":"{{url}}/hydrogen/my-blogs/","host":["{{url}}"],"path":["hydrogen","my-blogs",""]}},"response":[]}],"id":"1fbafbe4-7d96-4f94-9a90-afb4c8be86d8"},{"name":"check username","id":"105d6699-ab56-4375-8d9f-e2687b9a4c63","protocolProfileBehavior":{"disableBodyPruning":true},"request":{"method":"GET","header":[{"key":"Content-Type","value":"application/json","type":"text","disabled":true},{"key":"Authorization","value":"Token d0c8d0799b6f2cba01cdc28723afac820e4bb0c8a58f9c294ba30937cff17bcf","type":"text","disabled":true}],"body":{"mode":"raw","raw":"{\r\n    \"organization_name\": \"Test 2\",\r\n    \"organization_type\": \"academia(school/college/university)\",\r\n    \"organization_address\": \"PATANSAONGI MINES SADBHAWANA NAGAR\",\r\n    \"organization_city\": \"NAGPUR\",\r\n    \"organization_province\": \"Maharashtra\",\r\n    \"organization_country\": \"India\",\r\n    \"organization_pincode\": \"441113\",\r\n    \"organization_phone_number_country_code\": \"+91\",\r\n    \"organization_phone_number\": \"8668329719\",\r\n    \"organization_email_id\": \"suraj.gupta@shreyasinfo.co.in\",\r\n    \"organization_url\": \"http://127.0.0.1:8000/admin/registration/organizationmaster/add/\",\r\n    \"research_focus\": [\r\n        {\r\n            \"rf_uuid\": \"a5d8a640-a1b3-42c5-be45-d651f6053bd6\"\r\n        },\r\n         {\r\n            \"rf_uuid\": \"aebfd5de-b844-4d52-8db1-45522b98130e\"\r\n        }\r\n    ],\r\n    \"willing_to_contribute\": false,\r\n    \"poc_1_name\": \"\",\r\n    \"poc_1_phone_number_country_code\": \"\",\r\n    \"poc_1_phone_number\": \"\",\r\n    \"poc_1_email_id\": \"\",\r\n    \"poc_1_designation\": \"\",\r\n    \"poc_1_address\": \"\",\r\n    \"poc_1_city\": \"\",\r\n    \"poc_1_province\": \"\",\r\n    \"poc_1_country\": \"\",\r\n    \"poc_1_pincode\": \"\",\r\n    \"poc_2_name\": \"\",\r\n    \"poc_2_phone_number_country_code\": \"\",\r\n    \"poc_2_phone_number\": \"\",\r\n    \"poc_2_email_id\": \"\",\r\n    \"poc_2_designation\": \"\",\r\n    \"poc_2_address\": \"\",\r\n    \"poc_2_city\": \"\",\r\n    \"poc_2_province\": \"\",\r\n    \"poc_2_country\": \"\",\r\n    \"poc_2_pincode\": \"\"\r\n}","options":{"raw":{"language":"json"}}},"url":{"raw":"http://127.0.0.1:8000/registration/organization/","protocol":"http","host":["127","0","0","1"],"port":"8000","path":["registration","organization",""]}},"response":[]},{"name":"List Banner","event":[{"listen":"test","script":{"id":"3c3be7cc-6849-4b20-ab5d-55211f15be73","exec":["pm.test(\"Status code is 200\", function () {\r","    pm.response.to.have.status(200);\r","});"],"type":"text/javascript"}}],"id":"14cc6c4f-19f5-4746-94f3-913977546253","protocolProfileBehavior":{"disableBodyPruning":true},"request":{"method":"GET","header":[],"url":{"raw":"{{url}}/hydrogen/banner/","host":["{{url}}"],"path":["hydrogen","banner",""]}},"response":[]},{"name":"List home-page-videos/","event":[{"listen":"test","script":{"id":"61fef1c9-a13f-43e7-ac11-6f9d812ce204","exec":["pm.test(\"Status code is 200\", function () {\r","    pm.response.to.have.status(200);\r","});"],"type":"text/javascript"}}],"id":"bef52322-a516-437b-8d04-584b5693445e","protocolProfileBehavior":{"disableBodyPruning":true},"request":{"method":"GET","header":[],"url":{"raw":"{{url}}/hydrogen/banner/","host":["{{url}}"],"path":["hydrogen","banner",""]}},"response":[]},{"name":"List Event","event":[{"listen":"test","script":{"id":"45e29f12-ea86-4ba4-a324-257288504339","exec":["pm.test(\"Status code is 200\", function () {\r","    pm.response.to.have.status(200);\r","});"],"type":"text/javascript"}}],"id":"0880f7f4-d186-4ea5-baa9-0e594d5f28a1","protocolProfileBehavior":{"disableBodyPruning":true},"request":{"method":"GET","header":[],"url":{"raw":"{{url}}/hydrogen/event/","host":["{{url}}"],"path":["hydrogen","event",""]}},"response":[]},{"name":"List Success Story","event":[{"listen":"test","script":{"id":"96dc7cf0-1abe-4fc1-b718-06549ec10603","exec":["pm.test(\"Status code is 200\", function () {\r","    pm.response.to.have.status(200);\r","});"],"type":"text/javascript"}}],"id":"47fdf791-d1b4-47eb-bcd4-7bcc6fbcd8e4","protocolProfileBehavior":{"disableBodyPruning":true},"request":{"method":"GET","header":[],"url":{"raw":"{{url}}/hydrogen/success-story/","host":["{{url}}"],"path":["hydrogen","success-story",""]}},"response":[]},{"name":"List NEWS","event":[{"listen":"test","script":{"id":"a06ad908-0112-4ded-8f6c-467fcbc4c005","exec":["pm.test(\"Status code is 200\", function () {\r","    pm.response.to.have.status(200);\r","});"],"type":"text/javascript"}}],"id":"25f5122b-326e-4827-874c-f55ba9f5ca66","protocolProfileBehavior":{"disableBodyPruning":true},"request":{"method":"GET","header":[],"url":{"raw":"{{url}}/hydrogen/news/","host":["{{url}}"],"path":["hydrogen","news",""]}},"response":[]},{"name":"List Tag","event":[{"listen":"test","script":{"id":"db4020d8-937c-4ae4-b3c0-fd35902e6327","exec":["pm.test(\"Status code is 200\", function () {\r","    pm.response.to.have.status(200);\r","});"],"type":"text/javascript"}}],"id":"973e017e-c7f5-4075-8d96-d1ebb52a7e3a","protocolProfileBehavior":{"disableBodyPruning":true},"request":{"method":"GET","header":[],"url":{"raw":"{{url}}/hydrogen/tag/","host":["{{url}}"],"path":["hydrogen","tag",""]}},"response":[]},{"name":"List Laboratory","event":[{"listen":"test","script":{"id":"23b107b9-a93d-45de-a589-038b87780803","exec":["pm.test(\"Status code is 200\", function () {\r","    pm.response.to.have.status(200);\r","});"],"type":"text/javascript"}}],"id":"3059c480-f0a2-421c-bf67-a13f447ba1da","protocolProfileBehavior":{"disableBodyPruning":true},"request":{"method":"GET","header":[],"url":{"raw":"{{url}}/hydrogen/laboratory/","host":["{{url}}"],"path":["hydrogen","laboratory",""]}},"response":[]},{"name":"forum-category-wise-list","event":[{"listen":"test","script":{"id":"7e085b18-a451-4b1c-a212-165815119274","exec":["pm.test(\"Status code is 200\", function () {\r","    pm.response.to.have.status(200);\r","});"],"type":"text/javascript"}}],"id":"22a4c14f-50ba-4f99-b205-3f4388f0f3df","protocolProfileBehavior":{"disableBodyPruning":true},"request":{"method":"GET","header":[],"url":{"raw":"{{url}}/hydrogen/forum-category-wise-list/?category__category_name=STAKE_HOLDER","host":["{{url}}"],"path":["hydrogen","forum-category-wise-list",""],"query":[{"key":"category__category_name","value":"STAKE_HOLDER"}]}},"response":[]},{"name":"forum-category","event":[{"listen":"test","script":{"id":"2c487216-201b-4fff-b2aa-a22917074da4","exec":["pm.test(\"Status code is 200\", function () {\r","    pm.response.to.have.status(200);\r","});"],"type":"text/javascript"}}],"id":"54f60455-344e-49e5-aa0e-b2c99024f3c0","protocolProfileBehavior":{"disableBodyPruning":true},"request":{"method":"GET","header":[],"url":{"raw":"{{url}}/hydrogen/forum-category-list/","host":["{{url}}"],"path":["hydrogen","forum-category-list",""]}},"response":[]},{"name":"forum-topic-list","event":[{"listen":"test","script":{"id":"417f87d8-d9fa-4fc0-87cc-f2b4976d258b","exec":["pm.test(\"Status code is 200\", function () {\r","    pm.response.to.have.status(200);\r","});\r","\r","topicData = JSON.parse(responseBody)\r","topic_id = topicData.results[0].topic_id\r","console.log(\"Blog Created-------------->\", topic_id)\r","pm.environment.set(\"TOPIC_ID\", topic_id);"],"type":"text/javascript"}}],"id":"24f00e6e-f6db-4bc8-b541-b8e3344be72e","protocolProfileBehavior":{"disableBodyPruning":true},"request":{"method":"GET","header":[],"url":{"raw":"{{url}}/hydrogen/forum-topic-list/?limit=2","host":["{{url}}"],"path":["hydrogen","forum-topic-list",""],"query":[{"key":"limit","value":"2"}]}},"response":[]},{"name":"forum-topic-detail","event":[{"listen":"test","script":{"id":"b64f84eb-bbb2-46d0-906c-e6ae72b94634","exec":["pm.test(\"Status code is 200\", function () {\r","    pm.response.to.have.status(200);\r","});"],"type":"text/javascript"}}],"id":"3ad4b2b4-c5aa-41e2-b589-c2f7154463c9","protocolProfileBehavior":{"disableBodyPruning":true},"request":{"method":"GET","header":[{"key":"Content-Type","value":"application/json","type":"text"},{"key":"Authorization","value":"{{TOKEN}}","type":"text"}],"url":{"raw":"{{url}}/hydrogen/forum-topic-detail/{{TOPIC_ID}}/","host":["{{url}}"],"path":["hydrogen","forum-topic-detail","{{TOPIC_ID}}",""]}},"response":[]},{"name":"my topic","event":[{"listen":"test","script":{"id":"f43f202e-d645-4f14-a590-024b8c7a42ed","exec":["pm.test(\"Status code is 200\", function () {\r","    pm.response.to.have.status(200);\r","});"],"type":"text/javascript"}}],"id":"8184d3d5-ac5d-41d7-abad-53434f6f24c5","protocolProfileBehavior":{"disableBodyPruning":true},"request":{"method":"GET","header":[{"key":"Authorization","value":"{{TOKEN}}","type":"text"},{"key":"Content-Type","value":"application/json","type":"text"}],"url":{"raw":"{{url}}/hydrogen/my-topics/","host":["{{url}}"],"path":["hydrogen","my-topics",""]}},"response":[]},{"name":"top 5 topics list","event":[{"listen":"test","script":{"id":"ae46c758-a6d5-4c39-8e59-e0d49a2339a8","exec":["pm.test(\"Status code is 200\", function () {\r","    pm.response.to.have.status(200);\r","});"],"type":"text/javascript"}}],"id":"9ef30b2b-1cb8-4e6d-83b9-d06da26b453f","protocolProfileBehavior":{"disableBodyPruning":true},"request":{"method":"GET","header":[],"url":{"raw":"{{url}}/hydrogen/forum-topics/?content=1","host":["{{url}}"],"path":["hydrogen","forum-topics",""],"query":[{"key":"content","value":"1"}]}},"response":[]},{"name":"forum-topic-list Copy","event":[{"listen":"test","script":{"id":"b66e8ff7-58d9-44b2-afa1-2541fed1dafb","exec":["pm.test(\"Status code is 200\", function () {\r","    pm.response.to.have.status(200);\r","});"],"type":"text/javascript"}}],"id":"1e9890c6-4902-4872-9a37-64653c7537fd","protocolProfileBehavior":{"disableBodyPruning":true},"request":{"method":"GET","header":[],"url":{"raw":"{{url}}/hydrogen/forum-topic-list/?limit=2","host":["{{url}}"],"path":["hydrogen","forum-topic-list",""],"query":[{"key":"limit","value":"2"}]}},"response":[]},{"name":"registered-organization-info","event":[{"listen":"test","script":{"id":"9b8668af-546a-438d-9ae0-a56d8748a281","exec":["pm.test(\"Status code is 200\", function () {\r","    pm.response.to.have.status(200);\r","});"],"type":"text/javascript"}}],"id":"dd2a0573-a82d-4ca2-9ad7-ac36c49f122a","protocolProfileBehavior":{"disableBodyPruning":true},"request":{"method":"GET","header":[],"url":{"raw":"{{url}}/registration/registered-organization-info/","host":["{{url}}"],"path":["registration","registered-organization-info",""]}},"response":[]},{"name":"List Testimonial","event":[{"listen":"test","script":{"id":"f59f64db-7e69-434d-847e-f567b55ad365","exec":["pm.test(\"Status code is 200\", function () {\r","    pm.response.to.have.status(200);\r","});"],"type":"text/javascript"}}],"id":"6d2f4273-c504-4445-bded-bc5e27765478","protocolProfileBehavior":{"disableBodyPruning":true},"request":{"method":"GET","header":[],"url":{"raw":"{{url}}/hydrogen/testimonial/","host":["{{url}}"],"path":["hydrogen","testimonial",""]}},"response":[]},{"name":"List nationality-wise-committee","event":[{"listen":"test","script":{"id":"57cefd1c-1e0b-495f-9226-639057f72ef3","exec":["pm.test(\"Status code is 200\", function () {\r","    pm.response.to.have.status(200);\r","});"],"type":"text/javascript"}}],"id":"0a8a40a6-6090-4865-b7d7-1aa02e9fb08b","protocolProfileBehavior":{"disableBodyPruning":true},"request":{"method":"GET","header":[],"url":{"raw":"{{url}}/hydrogen/committee/","host":["{{url}}"],"path":["hydrogen","committee",""]}},"response":[]},{"name":"List Committee","event":[{"listen":"test","script":{"id":"adfb1397-3ad6-479b-bdca-9269d1a0c074","exec":["pm.test(\"Status code is 200\", function () {\r","    pm.response.to.have.status(200);\r","});"],"type":"text/javascript"}}],"id":"1813f1b1-8bec-46d3-b718-7b2f69ecefae","protocolProfileBehavior":{"disableBodyPruning":true},"request":{"method":"GET","header":[],"url":{"raw":"{{url}}/hydrogen/committee/","host":["{{url}}"],"path":["hydrogen","committee",""]}},"response":[]},{"name":"List Committee Copy","event":[{"listen":"test","script":{"id":"46f5e5df-c0dd-4bc4-99aa-4308a3c72bf3","exec":["pm.test(\"Status code is 200\", function () {\r","    pm.response.to.have.status(200);\r","});"],"type":"text/javascript"}}],"id":"0768d67e-83a2-45c2-b129-626777e606eb","protocolProfileBehavior":{"disableBodyPruning":true},"request":{"method":"GET","header":[],"url":{"raw":"{{url}}/hydrogen/committee/","host":["{{url}}"],"path":["hydrogen","committee",""]}},"response":[]},{"name":"List Stakeholder","event":[{"listen":"test","script":{"id":"9838e58d-ce96-4daf-a4f6-a51fa1087e18","exec":["pm.test(\"Status code is 200\", function () {\r","    pm.response.to.have.status(200);\r","});"],"type":"text/javascript"}}],"id":"29ef69b3-eb12-4bce-b834-0486b2fbfc36","protocolProfileBehavior":{"disableBodyPruning":true},"request":{"method":"GET","header":[],"url":{"raw":"{{url}}/hydrogen/stakeholder/","host":["{{url}}"],"path":["hydrogen","stakeholder",""]}},"response":[]},{"name":"List static-Text","event":[{"listen":"test","script":{"id":"e7dc9269-4eb1-42cb-bb59-9229623b4c2e","exec":["pm.test(\"Status code is 200\", function () {\r","    pm.response.to.have.status(200);\r","});"],"type":"text/javascript"}}],"id":"46fc998d-ddec-4180-957c-bbacd7e8d028","protocolProfileBehavior":{"disableBodyPruning":true},"request":{"method":"GET","header":[],"url":{"raw":"{{url}}/hydrogen/stakeholder/","host":["{{url}}"],"path":["hydrogen","stakeholder",""]}},"response":[]},{"name":"List Repository","event":[{"listen":"test","script":{"id":"efc4b589-4884-422d-916f-7d7466c88b9b","exec":["pm.test(\"Status code is 200\", function () {\r","    pm.response.to.have.status(200);\r","});"],"type":"text/javascript"}}],"id":"31f67a71-0fbb-4999-b8e6-3da3a919db98","protocolProfileBehavior":{"disableBodyPruning":true},"request":{"method":"GET","header":[],"url":{"raw":"{{url}}/hydrogen/repository/","host":["{{url}}"],"path":["hydrogen","repository",""]}},"response":[]},{"name":"Forum Topic List","event":[{"listen":"test","script":{"id":"c8d9f7c1-da4a-437e-8b99-66f9861b2b65","exec":["pm.test(\"Status code is 200\", function () {\r","    pm.response.to.have.status(200);\r","});"],"type":"text/javascript"}}],"id":"51628ea8-3166-419f-9c0c-9bd292bdc634","protocolProfileBehavior":{"disableBodyPruning":true},"request":{"method":"GET","header":[],"body":{"mode":"raw","raw":"{\r\n    \"topic_title\": \"Topic Title 2\",\r\n    \"excerpt\": \"askkbdkas\",\r\n    \"no_of_topics\": 2,\r\n    \"no_of_posts\": 5,\r\n    \"last_post_date\": \"2021-07-23\",\r\n    \"author\": {\r\n        \"person_id\": \"fe20f2dd-dc43-453c-8c68-1ef4fa026b6b\",\r\n        \"display_name\": \"Suraj Gupta\",\r\n        \"image_url\": null\r\n    },\r\n    \"description\": \"test desc\",\r\n    \"tags\": [\r\n        {\r\n            \"id\": 2,\r\n            \"display_name\": \"stakeholder\",\r\n            \"tag_category\": \"stakeholder\"\r\n        }\r\n    ],\r\n    \"replies\": []\r\n}","options":{"raw":{"language":"json"}}},"url":{"raw":"{{url}}/hydrogen/forum-topic-list/","host":["{{url}}"],"path":["hydrogen","forum-topic-list",""]}},"response":[]},{"name":"Forum Topic List Copy","event":[{"listen":"test","script":{"id":"c8d9f7c1-da4a-437e-8b99-66f9861b2b65","exec":["// pm.test(\"Status code is 200\", function () {\r","//     pm.response.to.have.status(200);\r","// });"],"type":"text/javascript"}}],"id":"fc470f02-b262-44d2-83e0-9a40ffb6606b","protocolProfileBehavior":{"disableBodyPruning":true},"request":{"method":"GET","header":[],"body":{"mode":"raw","raw":"{\r\n    \"topic_title\": \"Topic Title 2\",\r\n    \"excerpt\": \"askkbdkas\",\r\n    \"no_of_topics\": 2,\r\n    \"no_of_posts\": 5,\r\n    \"last_post_date\": \"2021-07-23\",\r\n    \"author\": {\r\n        \"person_id\": \"fe20f2dd-dc43-453c-8c68-1ef4fa026b6b\",\r\n        \"display_name\": \"Suraj Gupta\",\r\n        \"image_url\": null\r\n    },\r\n    \"description\": \"test desc\",\r\n    \"tags\": [\r\n        {\r\n            \"id\": 2,\r\n            \"display_name\": \"stakeholder\",\r\n            \"tag_category\": \"stakeholder\"\r\n        }\r\n    ],\r\n    \"replies\": []\r\n}","options":{"raw":{"language":"json"}}},"url":{"raw":"{{url}}/registration/cities/","host":["{{url}}"],"path":["registration","cities",""]}},"response":[]}],"id":"a225a1fd-3c3b-4fdc-8bbb-9c0daf586b4e"}]}