{"info":{"_postman_id":"1299dcab-5a3d-4965-a499-62500a30bf34","name":"ezy","schema":"https://schema.getpostman.com/json/collection/v2.1.0/collection.json"},"item":[{"name":"Parent","item":[{"name":"login check","item":[{"name":"login wrong creds","event":[{"listen":"test","script":{"id":"1672e888-60c2-45a9-8ba6-89db074ba4e7","exec":["loginData = JSON.parse(responseBody)\r","pm.test(\"Status code is 403\", function () {\r","    pm.response.to.have.status(403);\r","});"],"type":"text/javascript"}}],"id":"2771ff8b-8c9d-4057-a87f-ced48b35e4e6","protocolProfileBehavior":{"disableBodyPruning":true},"request":{"auth":{"type":"noauth"},"method":"POST","header":[],"body":{"mode":"raw","raw":"{\r\n    \"email\": \"{{PARENT_EMAIL}}\",\r\n    \"password\": \"{{PASSWORD}}\"\r\n}","options":{"raw":{"language":"json"}}},"url":{"raw":"{{url}}/rest-auth/password/reset/","host":["{{url}}"],"path":["rest-auth","password","reset",""]}},"response":[]},{"name":"login","event":[{"listen":"test","script":{"id":"1672e888-60c2-45a9-8ba6-89db074ba4e7","exec":["loginData = JSON.parse(responseBody)\r","pm.test(\"Status code is 200\", function () {\r","    pm.response.to.have.status(200);\r","});\r","token = loginData.key\r","console.log(\"token-------------->\", token)\r","pm.environment.set(\"TOKEN\",\"Token \"+ token);\r","var reqdata = JSON.parse(request.data);\r","pm.environment.set(\"PASSWORD\", reqdata[\"password\"]);"],"type":"text/javascript"}}],"id":"c55526ee-5876-4754-a046-73182eb0c949","protocolProfileBehavior":{"disableBodyPruning":true},"request":{"auth":{"type":"noauth"},"method":"POST","header":[],"body":{"mode":"raw","raw":"{\r\n    \"email\": \"{{PARENT_EMAIL}}\",\r\n    \"password\": \"{{PASSWORD}}\"\r\n}","options":{"raw":{"language":"json"}}},"url":{"raw":"{{url}}/api/v1/accounts/login/","host":["{{url}}"],"path":["api","v1","accounts","login",""]}},"response":[]}],"id":"b0c8e565-7d83-4acf-ad8e-11890529a4f6"},{"name":"user register","item":[{"name":"register","event":[{"listen":"test","script":{"id":"1672e888-60c2-45a9-8ba6-89db074ba4e7","exec":["loginData = JSON.parse(responseBody)\r","pm.test(\"Status code is 201\", function () {\r","    pm.response.to.have.status(201);\r","});\r","token = loginData.key\r","console.log(\"token-------------->\", token)\r","pm.environment.set(\"TOKEN\",\"Token \"+ token);\r","var reqdata = JSON.parse(request.data);\r","console.log(\"asa\",reqdata[\"email\"])\r","pm.environment.set(\"PASSWORD\", reqdata[\"password1\"]);\r","pm.environment.set(\"NAME\", reqdata[\"name\"]);\r","pm.environment.set(\"PHONE\", reqdata[\"phone\"]);"],"type":"text/javascript"}},{"listen":"prerequest","script":{"id":"f224369f-631d-4dd9-9510-0e72312c2f5f","exec":["const d = new Date();\r","let time = d.getTime()\r","// time = time.toString().slice(0,5)\r","// console.log(\"time---->\", time, typeof time, time.toString().slice(0,5))\r","email = \"suraj12911+1@gmail.com\"\r","new_email = email.split(\"@\")[0]+time+\"@\"+email.split(\"@\")[1]\r","console.log(new_email)\r","pm.environment.set(\"PARENT_EMAIL\", new_email);\r","console.log(JSON.parse(request.data));"],"type":"text/javascript"}}],"id":"4934afaf-ec4f-4990-aafa-626a67cb1b19","protocolProfileBehavior":{"disableBodyPruning":true},"request":{"auth":{"type":"noauth"},"method":"POST","header":[],"body":{"mode":"raw","raw":"{\"email\":\"{{PARENT_EMAIL}}\",\"password1\":\"Suraj@123\",\"name\":\"suraj123test\",\"phone\":8668329719,\"mail_pref\":true,\"whatsapp\":\"yes\",\"ad_source\":\"\"}","options":{"raw":{"language":"json"}}},"url":{"raw":"{{url}}/api/v1/parents/registration/","host":["{{url}}"],"path":["api","v1","parents","registration",""]}},"response":[]},{"name":"Get Parent details","event":[{"listen":"test","script":{"id":"1672e888-60c2-45a9-8ba6-89db074ba4e7","exec":["UserData = JSON.parse(responseBody)\r","pm.test(\"Status code is 200\", function () {\r","    pm.response.to.have.status(200);\r","});\r","\r","pm.environment.set(\"PARENT_ID\",UserData.user);\r",""],"type":"text/javascript"}}],"id":"e0d31a03-abcb-424e-b67b-3d6d4f773d16","protocolProfileBehavior":{"disableBodyPruning":true},"request":{"auth":{"type":"noauth"},"method":"GET","header":[],"url":{"raw":"{{url}}/api/v1/parents/","host":["{{url}}"],"path":["api","v1","parents",""]}},"response":[]}],"id":"87727265-665a-44e0-aa9b-bbba8bb684af"},{"name":"Enquiry from explore page","item":[{"name":"Maxfort school cambridge enquiry","event":[{"listen":"test","script":{"id":"6712ac87-8e1e-40bb-93b8-08e1dbbc7ec7","exec":["Data = JSON.parse(responseBody)\r","pm.test(\"Status code is 200\", function () {\r","    pm.response.to.have.status(200);\r","});\r","\r","pm.environment.set(\"ENQUIRY_ID\", Data.id)"],"type":"text/javascript"}}],"id":"323f7d66-fc6c-4055-bbb1-302b3a0a741a","protocolProfileBehavior":{"disableBodyPruning":true},"request":{"method":"POST","header":[{"key":"Authorization","value":"{{TOKEN}}","type":"text"}],"body":{"mode":"raw","raw":"{\"parent_name\":\"{{NAME}}\",\"phone_no\":{{PHONE}},\"email\":\"{{PARENT_EMAIL}}\",\"query\":\"yo test\",\"class_relation\":{{CHILD_CLASS}}}","options":{"raw":{"language":"json"}}},"url":{"raw":"{{url}}/api/v2/schools/maxfort-school-cambridge/enquiry/?source=School%20Card&ad_value=&from_value=butto","host":["{{url}}"],"path":["api","v2","schools","maxfort-school-cambridge","enquiry",""],"query":[{"key":"source","value":"School%20Card"},{"key":"ad_value","value":""},{"key":"from_value","value":"butto"}]}},"response":[]},{"name":"Maxfort school cambridge enquiry budget","event":[{"listen":"test","script":{"id":"6712ac87-8e1e-40bb-93b8-08e1dbbc7ec7","exec":["Data = JSON.parse(responseBody)\r","pm.test(\"Status code is 200\", function () {\r","    pm.response.to.have.status(200);\r","});"],"type":"text/javascript"}}],"id":"6dd4db6e-c304-43fd-868d-94d9dd6337fb","protocolProfileBehavior":{"disableBodyPruning":true},"request":{"method":"POST","header":[{"key":"Authorization","value":"{{TOKEN}}","type":"text"}],"body":{"mode":"raw","raw":"{\"monthly_budget\":\"Below 3,000\",\"street_address\":\"\",\"city\":\"\",\"state\":\"\",\"pincode\":\"\",\"country\":\"\",\"region\":null}","options":{"raw":{"language":"json"}}},"url":{"raw":"{{url}}/api/v1/parents/address/","host":["{{url}}"],"path":["api","v1","parents","address",""]}},"response":[]},{"name":"Maxfort school cambridge enquiry + visit scheduled","event":[{"listen":"test","script":{"id":"6712ac87-8e1e-40bb-93b8-08e1dbbc7ec7","exec":["Data = JSON.parse(responseBody)\r","pm.test(\"Status code is 200\", function () {\r","    pm.response.to.have.status(200);\r","});\r","pm.environment.set(\"ENQUIRY_ID\", Data.id)"],"type":"text/javascript"}}],"id":"84a0c5d4-9881-49f7-b2aa-c3fb3954988f","protocolProfileBehavior":{"disableBodyPruning":true},"request":{"method":"POST","header":[{"key":"Authorization","value":"{{TOKEN}}","type":"text"}],"body":{"mode":"raw","raw":"{\"parent_name\":\"{{NAME}}\",\"phone_no\":{{PHONE}},\"email\":\"{{PARENT_EMAIL}}\",\"query\":\"yo test\",\"class_relation\":{{CHILD_CLASS}}}\r\n","options":{"raw":{"language":"json"}}},"url":{"raw":"{{url}}/api/v2/schools/maxfort-school-cambridge/enquiry/?source=School%20Card&ad_value=&from_value=tick","host":["{{url}}"],"path":["api","v2","schools","maxfort-school-cambridge","enquiry",""],"query":[{"key":"source","value":"School%20Card"},{"key":"ad_value","value":""},{"key":"from_value","value":"tick"}]}},"response":[]},{"name":"Maxfort school cambridge enquiry + visit scheduled OTP","event":[{"listen":"test","script":{"id":"6712ac87-8e1e-40bb-93b8-08e1dbbc7ec7","exec":["Data = JSON.parse(responseBody)\r","pm.test(\"Status code is 200\", function () {\r","    pm.response.to.have.status(200);\r","});\r","\r",""],"type":"text/javascript"}}],"id":"188d0697-ee3b-4f30-a479-e956668182cb","protocolProfileBehavior":{"disableBodyPruning":true},"request":{"method":"PATCH","header":[{"key":"Authorization","value":"{{TOKEN}}","type":"text"}],"body":{"mode":"raw","raw":"{\"child_name\":\"{{CHILD_NAME}}\",\"tentative_date_of_visit\":\"2023-08-23\"}","options":{"raw":{"language":"json"}}},"url":{"raw":"{{url}}/api/v2/schools/maxfort-school-cambridge/enquiry/?id={{ENQUIRY_ID}}","host":["{{url}}"],"path":["api","v2","schools","maxfort-school-cambridge","enquiry",""],"query":[{"key":"id","value":"{{ENQUIRY_ID}}"}]}},"response":[]}],"id":"71a63377-ee19-4784-ba2b-16178bc9b7f8"},{"name":"Add Child","item":[{"name":"Add child","event":[{"listen":"test","script":{"id":"1672e888-60c2-45a9-8ba6-89db074ba4e7","exec":["childData = JSON.parse(responseBody)\r","pm.test(\"Status code is 201\", function () {\r","    pm.response.to.have.status(201);\r","});\r","\r","pm.environment.set(\"CHILD_ID\", childData.id.toString())\r","pm.environment.set(\"CHILD_CLASS\", childData.class_applying_for)\r","pm.environment.set(\"CHILD_NAME\", childData.name)"],"type":"text/javascript"}}],"id":"45ea5f2a-9a3a-43b3-953d-e2dbbcdbf662","protocolProfileBehavior":{"disableBodyPruning":true},"request":{"auth":{"type":"noauth"},"method":"POST","header":[{"key":"Authorization","value":"{{TOKEN}}","type":"text"}],"body":{"mode":"formdata","formdata":[{"key":"name","value":"test child 3","type":"text"},{"key":"date_of_birth","value":"2017-08-01","type":"text"},{"key":"gender","value":"male","type":"text"},{"key":"class_applying_for","value":"2","type":"text"},{"key":"user","value":"{{PARENT_ID}}","type":"text"}]},"url":{"raw":"{{url}}/api/v1/childs/","host":["{{url}}"],"path":["api","v1","childs",""]}},"response":[]},{"name":"Update child","event":[{"listen":"test","script":{"id":"1672e888-60c2-45a9-8ba6-89db074ba4e7","exec":["childData = JSON.parse(responseBody)\r","pm.test(\"Status code is 200\", function () {\r","    pm.response.to.have.status(200);\r","});\r","\r","// pm.environment.set(\"CHILD_ID\", childData.id.toString())"],"type":"text/javascript"}}],"id":"5b0ac0f3-9228-4785-a3b3-7765c5184a58","protocolProfileBehavior":{"disableBodyPruning":true},"request":{"auth":{"type":"noauth"},"method":"PATCH","header":[{"key":"Authorization","value":"{{TOKEN}}","type":"text"}],"body":{"mode":"formdata","formdata":[{"key":"name","value":"test child 2","type":"text"},{"key":"date_of_birth","value":"2017-08-01","type":"text"},{"key":"gender","value":"male","type":"text"},{"key":"class_applying_for","value":"2","type":"text"},{"key":"user","value":"{{PARENT_ID}}","type":"text"}]},"url":{"raw":"{{url}}/api/v1/childs/{{CHILD_ID}}/","host":["{{url}}"],"path":["api","v1","childs","{{CHILD_ID}}",""]}},"response":[]},{"name":"update current child","event":[{"listen":"test","script":{"id":"1672e888-60c2-45a9-8ba6-89db074ba4e7","exec":["loginData = JSON.parse(responseBody)\r","pm.test(\"Status code is 200\", function () {\r","    pm.response.to.have.status(200);\r","});"],"type":"text/javascript"}}],"id":"81427528-4b0f-4e23-bf07-d0aced5eb5f4","protocolProfileBehavior":{"disableBodyPruning":true},"request":{"auth":{"type":"noauth"},"method":"PATCH","header":[{"key":"Authorization","value":"{{TOKEN}}","type":"text"}],"body":{"mode":"raw","raw":"{\r\n    \"current_child\": {{CHILD_ID}}\r\n}","options":{"raw":{"language":"json"}}},"url":{"raw":"{{url}}/api/v1/accounts/","host":["{{url}}"],"path":["api","v1","accounts",""]}},"response":[]}],"id":"150f4e04-08f6-4805-ab98-6630dcc4a2e5"},{"name":"cart","item":[{"name":"get schools","event":[{"listen":"test","script":{"id":"1672e888-60c2-45a9-8ba6-89db074ba4e7","exec":["cartData = JSON.parse(responseBody)\r","pm.test(\"Status code is 200\", function () {\r","    pm.response.to.have.status(200);\r","});\r","\r","pm.environment.set(\"CART_ID\", cartData.id)\r","pm.environment.set(\"SCHOOL_1_ID\", cartData.results[0].id)\r","pm.environment.set(\"SCHOOL_2_ID\", cartData.results[1].id)"],"type":"text/javascript"}}],"id":"eae12919-db0f-4cc8-8b7d-16a98a73157a","protocolProfileBehavior":{"disableBodyPruning":true},"request":{"auth":{"type":"noauth"},"method":"GET","header":[{"key":"Authorization","value":"{{TOKEN}}","type":"text"}],"body":{"mode":"raw","raw":"{\"child\":{{CHILD_ID}},\"school\":4431,\"session\":\"2022-2023\"}","options":{"raw":{"language":"json"}}},"url":{"raw":"{{url}}/api/v1/schools/document/?limit=16&active=true&verified=true&offset=0&school_city=delhi&ordering=-global_rank&ordering=-region_rank&ordering=-collab&ordering=-admissionclasses_open_count&ordering=-total_views","host":["{{url}}"],"path":["api","v1","schools","document",""],"query":[{"key":"limit","value":"16"},{"key":"active","value":"true"},{"key":"verified","value":"true"},{"key":"offset","value":"0"},{"key":"school_city","value":"delhi"},{"key":"ordering","value":"-global_rank"},{"key":"ordering","value":"-region_rank"},{"key":"ordering","value":"-collab"},{"key":"ordering","value":"-admissionclasses_open_count"},{"key":"ordering","value":"-total_views"}]}},"response":[]},{"name":"Add item in cart MAXFORT Copy","event":[{"listen":"test","script":{"id":"1672e888-60c2-45a9-8ba6-89db074ba4e7","exec":["cartData = JSON.parse(responseBody)\r","pm.test(\"Status code is 201\", function () {\r","    pm.response.to.have.status(201);\r","});\r","\r","pm.environment.set(\"CART_ID\", cartData.id)"],"type":"text/javascript"}}],"id":"c7399ebe-bdb7-4c5e-933c-dde7ab2ff78e","protocolProfileBehavior":{"disableBodyPruning":true},"request":{"auth":{"type":"noauth"},"method":"POST","header":[{"key":"Authorization","value":"{{TOKEN}}","type":"text"}],"body":{"mode":"raw","raw":"{\"child\":{{CHILD_ID}},\"school\":{{SCHOOL_1_ID}},\"session\":\"2022-2023\"}","options":{"raw":{"language":"json"}}},"url":{"raw":"{{url}}/api/v1/admission-forms/cart/?ad_value=","host":["{{url}}"],"path":["api","v1","admission-forms","cart",""],"query":[{"key":"ad_value","value":""}]}},"response":[]},{"name":"Add item in cart RICHMOND","event":[{"listen":"test","script":{"id":"1672e888-60c2-45a9-8ba6-89db074ba4e7","exec":["cartData = JSON.parse(responseBody)\r","pm.test(\"Status code is 201\", function () {\r","    pm.response.to.have.status(201);\r","});\r","\r","pm.environment.set(\"CART_ID\", cartData.id)\r","pm.environment.set(\"SCHOOL_SLUG\", cartData.school[\"slug\"])"],"type":"text/javascript"}}],"id":"774dc107-cace-4fd8-a41a-f1d26b3109da","protocolProfileBehavior":{"disableBodyPruning":true},"request":{"auth":{"type":"noauth"},"method":"POST","header":[{"key":"Authorization","value":"{{TOKEN}}","type":"text"}],"body":{"mode":"raw","raw":"{\r\n    \"child\": {{CHILD_ID}},\r\n    \"school\": {{SCHOOL_2_ID}},\r\n    \"session\": \"2022-2023\"\r\n}","options":{"raw":{"language":"json"}}},"url":{"raw":"{{url}}/api/v1/admission-forms/cart/?ad_value=","host":["{{url}}"],"path":["api","v1","admission-forms","cart",""],"query":[{"key":"ad_value","value":""}]}},"response":[]},{"name":"Get Common form ID","event":[{"listen":"test","script":{"id":"1672e888-60c2-45a9-8ba6-89db074ba4e7","exec":["Data = JSON.parse(responseBody)\r","pm.test(\"Status code is 201\", function () {\r","    pm.response.to.have.status(201);\r","});\r","commonRegistrationFormId = Data[\"results\"][0][\"id\"]\r","console.log(\"data----------->\", commonRegistrationFormId)\r","pm.environment.set(\"COMMON_FORM_ID\", commonRegistrationFormId)"],"type":"text/javascript"}}],"id":"d8ae4104-eb37-4472-9978-4aafea88c459","protocolProfileBehavior":{"disableBodyPruning":true},"request":{"auth":{"type":"noauth"},"method":"GET","header":[{"key":"Authorization","value":"{{TOKEN}}","type":"text"}],"url":{"raw":"{{url}}/api/v1/admission-forms/?child={{CHILD_ID}}","host":["{{url}}"],"path":["api","v1","admission-forms",""],"query":[{"key":"child","value":"{{CHILD_ID}}"}]}},"response":[]},{"name":"form fill maxfort Applicant","event":[{"listen":"test","script":{"id":"1672e888-60c2-45a9-8ba6-89db074ba4e7","exec":["cartData = JSON.parse(responseBody)\r","pm.test(\"Status code is 200\", function () {\r","    pm.response.to.have.status(200);\r","});\r","\r",""],"type":"text/javascript"}}],"id":"f5531077-87c0-439d-a18b-b7a459fed5df","protocolProfileBehavior":{"disableBodyPruning":true},"request":{"auth":{"type":"noauth"},"method":"PATCH","header":[{"key":"Authorization","value":"{{TOKEN}}","type":"text"}],"body":{"mode":"formdata","formdata":[{"key":"nationality","value":"Indian","type":"text"},{"key":"religion","value":"Hinduism","type":"text"},{"key":"blood_group","value":"O+","type":"text"},{"key":"aadhaar_number","value":"1","type":"text"}]},"url":{"raw":"{{url}}/api/v1/childs/{{CHILD_ID}}/","host":["{{url}}"],"path":["api","v1","childs","{{CHILD_ID}}",""]}},"response":[]},{"name":"form fill maxfort Applicant other details Copy","event":[{"listen":"test","script":{"id":"1672e888-60c2-45a9-8ba6-89db074ba4e7","exec":["cartData = JSON.parse(responseBody)\r","pm.test(\"Status code is 200\", function () {\r","    pm.response.to.have.status(200);\r","});\r","\r",""],"type":"text/javascript"}}],"id":"5b08f0e2-d0a0-4496-ab96-f53917bcce25","protocolProfileBehavior":{"disableBodyPruning":true},"request":{"auth":{"type":"noauth"},"method":"POST","header":[{"key":"Authorization","value":"{{TOKEN}}","type":"text"}],"body":{"mode":"raw","raw":"{\r\n    \"mother_tongue\": \"Hindi\",\r\n    \"short_address\": \"1\",\r\n    \"street_address\": \"shahdara\",\r\n    \"pincode\": \"110093\",\r\n    \"city\": \"Delhi\",\r\n    \"state\": \"Delhi\",\r\n    \"country\": \"India\",\r\n    \"last_school_name\": \"past\",\r\n    \"last_school_address\": \"past\",\r\n    \"last_school_class\": \"1\",\r\n    \"last_school_board\": \"1\",\r\n    \"last_school_result_percentage\": \"80\",\r\n    \"transfer_date\": \"2022-07-15\",\r\n    \"transfer_number\": \"1\",\r\n    \"reason_of_leaving\": \"past\",\r\n    \"child\": {{CHILD_ID}},\r\n    \"longitude_secondary\": 77.2944111,\r\n    \"latitude_secondary\": 28.6834087,\r\n    \"longitude\": 77.2944111,\r\n    \"latitude\": 28.6834087\r\n}","options":{"raw":{"language":"json"}}},"url":{"raw":"{{url}}/api/v1/admission-forms/{{COMMON_FORM_ID}}/","host":["{{url}}"],"path":["api","v1","admission-forms","{{COMMON_FORM_ID}}",""]}},"response":[]},{"name":"form fill maxfort Add father","event":[{"listen":"test","script":{"id":"1672e888-60c2-45a9-8ba6-89db074ba4e7","exec":["Data = JSON.parse(responseBody)\r","pm.test(\"Status code is 200\", function () {\r","    pm.response.to.have.status(200);\r","});\r","\r","pm.environment.set(\"FATHER_ID\", Data.id)\r","pm.environment.set(\"FATHER_SLUG\", Data.slug)"],"type":"text/javascript"}}],"id":"012087d5-56f4-4488-bdec-e1c528653956","protocolProfileBehavior":{"disableBodyPruning":true},"request":{"auth":{"type":"noauth"},"method":"POST","header":[{"key":"Authorization","value":"{{TOKEN}}","type":"text"}],"body":{"mode":"formdata","formdata":[{"key":"name","value":"pappa","type":"text"},{"key":"phone","value":"{{PHONE}}","type":"text"},{"key":"email","value":"{{PARENT_EMAIL}}","type":"text"},{"key":"date_of_birth","value":"2022-08-11","type":"text"},{"key":"education","value":"Other","type":"text"},{"key":"college_name","value":"kuch bhi","type":"text"},{"key":"course_name","value":"sab chale hai","type":"text"},{"key":"occupation","value":"NIL","type":"text"},{"key":"designation","value":"SDE","type":"text"},{"key":"companyname","value":"cmpny","type":"text"},{"key":"office_address","value":"kahi bhi","type":"text"},{"key":"office_number","value":"{{PHONE}}","type":"text"},{"key":"income","value":"10000","type":"text"},{"key":"parent_type","value":"father","type":"text"},{"key":"gender","value":"male","type":"text"},{"key":"bio","value":"No bio","type":"text"},{"key":"user","value":"{{PARENT_ID}}","type":"text"}]},"url":{"raw":"{{url}}/api/v1/parents/parent-add/","host":["{{url}}"],"path":["api","v1","parents","parent-add",""]}},"response":[]},{"name":"form fill maxfort attach Father in common","event":[{"listen":"test","script":{"id":"1672e888-60c2-45a9-8ba6-89db074ba4e7","exec":["cartData = JSON.parse(responseBody)\r","pm.test(\"Status code is 200\", function () {\r","    pm.response.to.have.status(200);\r","});\r","\r",""],"type":"text/javascript"}}],"id":"ec9423c7-61d3-4701-a605-7a5b4b23d851","protocolProfileBehavior":{"disableBodyPruning":true},"request":{"auth":{"type":"noauth"},"method":"PATCH","header":[{"key":"Authorization","value":"{{TOKEN}}","type":"text"}],"body":{"mode":"formdata","formdata":[{"key":"father","value":"{{FATHER_ID}}","type":"text"}]},"url":{"raw":"{{url}}/api/v1/admission-forms/{{COMMON_FORM_ID}}/","host":["{{url}}"],"path":["api","v1","admission-forms","{{COMMON_FORM_ID}}",""]}},"response":[]},{"name":"form fill maxfort Add Mother Copy","event":[{"listen":"test","script":{"id":"1672e888-60c2-45a9-8ba6-89db074ba4e7","exec":["Data = JSON.parse(responseBody)\r","pm.test(\"Status code is 200\", function () {\r","    pm.response.to.have.status(200);\r","});\r","\r","pm.environment.set(\"MOTHER_ID\", Data.id)\r","pm.environment.set(\"MOTHER_SLUG\", Data.slug)"],"type":"text/javascript"}}],"id":"95e61609-f36f-41d9-af95-55fb320b1dfc","protocolProfileBehavior":{"disableBodyPruning":true},"request":{"auth":{"type":"noauth"},"method":"POST","header":[{"key":"Authorization","value":"{{TOKEN}}","type":"text"}],"body":{"mode":"formdata","formdata":[{"key":"name","value":"Maa","type":"text"},{"key":"phone","value":"{{PHONE}}","type":"text"},{"key":"email","value":"{{PARENT_EMAIL}}","type":"text"},{"key":"date_of_birth","value":"2022-08-11","type":"text"},{"key":"education","value":"Other","type":"text"},{"key":"college_name","value":"kuch bhi","type":"text"},{"key":"course_name","value":"sab chale hai","type":"text"},{"key":"occupation","value":"NIL","type":"text"},{"key":"designation","value":"SDE","type":"text"},{"key":"companyname","value":"cmpny","type":"text"},{"key":"office_address","value":"kahi bhi","type":"text"},{"key":"office_number","value":"{{PHONE}}","type":"text"},{"key":"income","value":"10000","type":"text"},{"key":"parent_type","value":"mother","type":"text"},{"key":"gender","value":"female","type":"text"},{"key":"bio","value":"No bio","type":"text"},{"key":"user","value":"{{PARENT_ID}}","type":"text"}]},"url":{"raw":"{{url}}/api/v1/parents/parent-add/","host":["{{url}}"],"path":["api","v1","parents","parent-add",""]}},"response":[]},{"name":"form fill maxfort attach Mother in common Copy","event":[{"listen":"test","script":{"id":"1672e888-60c2-45a9-8ba6-89db074ba4e7","exec":["cartData = JSON.parse(responseBody)\r","pm.test(\"Status code is 200\", function () {\r","    pm.response.to.have.status(200);\r","});\r","\r",""],"type":"text/javascript"}}],"id":"fbfd9529-700e-43db-bd48-968933419775","protocolProfileBehavior":{"disableBodyPruning":true},"request":{"auth":{"type":"noauth"},"method":"PATCH","header":[{"key":"Authorization","value":"{{TOKEN}}","type":"text"}],"body":{"mode":"formdata","formdata":[{"key":"mother","value":"{{MOTHER_ID}}","type":"text"}]},"url":{"raw":"{{url}}/api/v1/admission-forms/{{COMMON_FORM_ID}}/","host":["{{url}}"],"path":["api","v1","admission-forms","{{COMMON_FORM_ID}}",""]}},"response":[]},{"name":"form fill RICHMOND attach Father in common Copy","event":[{"listen":"test","script":{"id":"1672e888-60c2-45a9-8ba6-89db074ba4e7","exec":["cartData = JSON.parse(responseBody)\r","pm.test(\"Status code is 200\", function () {\r","    pm.response.to.have.status(200);\r","});\r","\r",""],"type":"text/javascript"}}],"id":"5c92bdd6-faab-4d55-9af8-a28f3d7007e9","protocolProfileBehavior":{"disableBodyPruning":true},"request":{"auth":{"type":"noauth"},"method":"PATCH","header":[{"key":"Authorization","value":"{{TOKEN}}","type":"text"}],"body":{"mode":"formdata","formdata":[{"key":"street_address","value":"shahdara","type":"text"},{"key":"city","value":"Delhi","type":"text"},{"key":"pincode","value":"110093","type":"text"},{"key":"state","value":"Delhi","type":"text"},{"key":"country","value":"India","type":"text"}]},"url":{"raw":"{{url}}/api/v1/parents/{{FATHER_SLUG}}","host":["{{url}}"],"path":["api","v1","parents","{{FATHER_SLUG}}"]}},"response":[]},{"name":"form fill RICHMOND attach Father in common Copy 2","event":[{"listen":"test","script":{"id":"1672e888-60c2-45a9-8ba6-89db074ba4e7","exec":["cartData = JSON.parse(responseBody)\r","pm.test(\"Status code is 200\", function () {\r","    pm.response.to.have.status(200);\r","});\r","\r",""],"type":"text/javascript"}}],"id":"feee3969-7fce-40b4-9273-ef6075582a13","protocolProfileBehavior":{"disableBodyPruning":true},"request":{"auth":{"type":"noauth"},"method":"PATCH","header":[{"key":"Authorization","value":"{{TOKEN}}","type":"text"}],"body":{"mode":"raw","raw":"{\r\n    \"father_type_of_staff_ward\": null,\r\n    \"father_staff_ward_department\": null,\r\n    \"father_staff_ward_tenure\": null,\r\n    \"father_staff_ward_school_name\": null,\r\n    \"id\": {{COMMON_FORM_ID}},\r\n    \"father\": {{FATHER_ID}},\r\n    \"mother\": {{MOTHER_ID}},\r\n    \"guardian\": null,\r\n    \"child\": {{CHILD_ID}},\r\n    \"short_address\": \"1\",\r\n    \"street_address\": \"shahdara\",\r\n    \"city\": \"Delhi\",\r\n    \"state\": \"Delhi\",\r\n    \"pincode\": \"110093\",\r\n    \"country\": \"India\",\r\n    \"latitude\": \"28.6834087000000000\",\r\n    \"longitude\": \"77.2944111000000000\",\r\n    \"latitude_secondary\": \"28.6834087000000000\",\r\n    \"longitude_secondary\": \"77.2944111000000000\",\r\n    \"category\": \"General\",\r\n    \"email\": {{PARENT_EMAIL}},\r\n    \"phone_no\": {{PHONE}},\r\n    \"single_child\": null,\r\n    \"first_child\": null,\r\n    \"single_parent\": null,\r\n    \"first_girl_child\": null,\r\n    \"staff_ward\": null,\r\n    \"sibling1_alumni_name\": null,\r\n    \"sibling1_alumni_school_name\": null,\r\n    \"sibling2_alumni_name\": null,\r\n    \"sibling2_alumni_school_name\": null,\r\n    \"sibling1_alumni_proof\": null,\r\n    \"sibling2_alumni_proof\": null,\r\n    \"last_school_name\": \"past\",\r\n    \"last_school_board\": 1,\r\n    \"last_school_address\": \"past\",\r\n    \"last_school_class\": 1,\r\n    \"reason_of_leaving\": \"past\",\r\n    \"extra_questions\": null,\r\n    \"report_card\": \"https://ezyschooling-1.s3.amazonaws.com/admission-form/report_card/test%20child%202/3.jpg\",\r\n    \"last_school_result_percentage\": \"80.000\",\r\n    \"transport_facility_required\": false,\r\n    \"transfer_certificate\": \"https://ezyschooling-1.s3.amazonaws.com/admission-form/transfer_certificate/test%20child%202/4.png\",\r\n    \"family_photo\": null,\r\n    \"distance_affidavit\": null,\r\n    \"baptism_certificate\": null,\r\n    \"parent_signature_upload\": null,\r\n    \"mother_tongue\": \"Hindi\",\r\n    \"single_parent_proof\": null,\r\n    \"differently_abled_proof\": null,\r\n    \"caste_category_certificate\": null,\r\n    \"is_twins\": null,\r\n    \"second_born_child\": null,\r\n    \"third_born_child\": null,\r\n    \"transfer_number\": \"1\",\r\n    \"transfer_date\": \"2022-07-15\",\r\n    \"lockstatus\": \"\",\r\n    \"timestamp\": \"2022-08-22T16:48:28.192954+05:30\",\r\n    \"session\": \"2022-2023\",\r\n    \"mother_staff_ward_school_name\": null,\r\n    \"mother_staff_ward_department\": null,\r\n    \"mother_type_of_staff_ward\": null,\r\n    \"mother_staff_ward_tenure\": null,\r\n    \"guardian_staff_ward_school_name\": null,\r\n    \"guardian_staff_ward_department\": null,\r\n    \"guardian_type_of_staff_ward\": null,\r\n    \"guardian_staff_ward_tenure\": null\r\n}","options":{"raw":{"language":"json"}}},"url":{"raw":"{{url}}/api/v1/admission-forms/{{COMMON_FORM_ID}}/","host":["{{url}}"],"path":["api","v1","admission-forms","{{COMMON_FORM_ID}}",""]}},"response":[]},{"name":"form fill RICHMOND attach MOTHER in common","event":[{"listen":"test","script":{"id":"1672e888-60c2-45a9-8ba6-89db074ba4e7","exec":["cartData = JSON.parse(responseBody)\r","pm.test(\"Status code is 200\", function () {\r","    pm.response.to.have.status(200);\r","});\r","\r",""],"type":"text/javascript"}}],"id":"11314a5b-5add-4505-9c00-e1dcb098b849","protocolProfileBehavior":{"disableBodyPruning":true},"request":{"auth":{"type":"noauth"},"method":"PATCH","header":[{"key":"Authorization","value":"{{TOKEN}}","type":"text"}],"body":{"mode":"formdata","formdata":[{"key":"street_address","value":"shahdara","type":"text"},{"key":"city","value":"Delhi","type":"text"},{"key":"pincode","value":"110093","type":"text"},{"key":"state","value":"Delhi","type":"text"},{"key":"country","value":"India","type":"text"}]},"url":{"raw":"{{url}}/api/v1/parents/{{MOTHER_SLUG}}/","host":["{{url}}"],"path":["api","v1","parents","{{MOTHER_SLUG}}",""]}},"response":[]},{"name":"form fill RICHMOND attach MOTHER in common","event":[{"listen":"test","script":{"id":"1672e888-60c2-45a9-8ba6-89db074ba4e7","exec":["cartData = JSON.parse(responseBody)\r","pm.test(\"Status code is 200\", function () {\r","    pm.response.to.have.status(200);\r","});\r","\r",""],"type":"text/javascript"}}],"id":"8abb8705-a2a6-4352-8544-6962e5588341","protocolProfileBehavior":{"disableBodyPruning":true},"request":{"auth":{"type":"noauth"},"method":"PATCH","header":[{"key":"Authorization","value":"{{TOKEN}}","type":"text"}],"body":{"mode":"raw","raw":"{\r\n    \"father_type_of_staff_ward\": null,\r\n    \"father_staff_ward_department\": null,\r\n    \"father_staff_ward_tenure\": null,\r\n    \"father_staff_ward_school_name\": null,\r\n    \"id\": {{COMMON_FORM_ID}},\r\n    \"father\": {{FATHER_ID}},\r\n    \"mother\": {{MOTHER_ID}},\r\n    \"guardian\": null,\r\n    \"child\": {{CHILD_ID}},\r\n    \"short_address\": \"1\",\r\n    \"street_address\": \"shahdara\",\r\n    \"city\": \"Delhi\",\r\n    \"state\": \"Delhi\",\r\n    \"pincode\": \"110093\",\r\n    \"country\": \"India\",\r\n    \"latitude\": \"28.6834087000000000\",\r\n    \"longitude\": \"77.2944111000000000\",\r\n    \"latitude_secondary\": \"28.6834087000000000\",\r\n    \"longitude_secondary\": \"77.2944111000000000\",\r\n    \"category\": \"General\",\r\n    \"email\": {{PARENT_EMAIL}},\r\n    \"phone_no\": {{PHONE}},\r\n    \"single_child\": null,\r\n    \"first_child\": null,\r\n    \"single_parent\": null,\r\n    \"first_girl_child\": null,\r\n    \"staff_ward\": null,\r\n    \"sibling1_alumni_name\": null,\r\n    \"sibling1_alumni_school_name\": null,\r\n    \"sibling2_alumni_name\": null,\r\n    \"sibling2_alumni_school_name\": null,\r\n    \"sibling1_alumni_proof\": null,\r\n    \"sibling2_alumni_proof\": null,\r\n    \"last_school_name\": \"past\",\r\n    \"last_school_board\": 1,\r\n    \"last_school_address\": \"past\",\r\n    \"last_school_class\": 1,\r\n    \"reason_of_leaving\": \"past\",\r\n    \"extra_questions\": null,\r\n    \"report_card\": \"https://ezyschooling-1.s3.amazonaws.com/admission-form/report_card/test%20child%202/3.jpg\",\r\n    \"last_school_result_percentage\": \"80.000\",\r\n    \"transport_facility_required\": false,\r\n    \"transfer_certificate\": \"https://ezyschooling-1.s3.amazonaws.com/admission-form/transfer_certificate/test%20child%202/4.png\",\r\n    \"family_photo\": null,\r\n    \"distance_affidavit\": null,\r\n    \"baptism_certificate\": null,\r\n    \"parent_signature_upload\": null,\r\n    \"mother_tongue\": \"Hindi\",\r\n    \"single_parent_proof\": null,\r\n    \"differently_abled_proof\": null,\r\n    \"caste_category_certificate\": null,\r\n    \"is_twins\": null,\r\n    \"second_born_child\": null,\r\n    \"third_born_child\": null,\r\n    \"transfer_number\": \"1\",\r\n    \"transfer_date\": \"2022-07-15\",\r\n    \"lockstatus\": \"\",\r\n    \"timestamp\": \"2022-08-22T16:48:28.192954+05:30\",\r\n    \"session\": \"2022-2023\",\r\n    \"mother_staff_ward_school_name\": null,\r\n    \"mother_staff_ward_department\": null,\r\n    \"mother_type_of_staff_ward\": null,\r\n    \"mother_staff_ward_tenure\": null,\r\n    \"guardian_staff_ward_school_name\": null,\r\n    \"guardian_staff_ward_department\": null,\r\n    \"guardian_type_of_staff_ward\": null,\r\n    \"guardian_staff_ward_tenure\": null\r\n}","options":{"raw":{"language":"json"}}},"url":{"raw":"{{url}}/api/v1/admission-forms/{{COMMON_FORM_ID}}/","host":["{{url}}"],"path":["api","v1","admission-forms","{{COMMON_FORM_ID}}",""]}},"response":[]},{"name":"documents child","event":[{"listen":"test","script":{"id":"1672e888-60c2-45a9-8ba6-89db074ba4e7","exec":["Data = JSON.parse(responseBody)\r","pm.test(\"Status code is 200\", function () {\r","    pm.response.to.have.status(200);\r","});\r","\r",""],"type":"text/javascript"}}],"id":"5b525082-4653-41a3-9ba3-ab597160b235","protocolProfileBehavior":{"disableBodyPruning":true},"request":{"auth":{"type":"noauth"},"method":"PATCH","header":[{"key":"Authorization","value":"{{TOKEN}}","type":"text"}],"body":{"mode":"formdata","formdata":[{"key":"photo","type":"file","src":"/C:/Users/Suraj Gupta/Pictures/3.jpg"},{"key":"address_proof","type":"file","src":"/C:/Users/Suraj Gupta/Pictures/4.png"},{"key":"aadhaar_card_proof","type":"file","src":"/C:/Users/Suraj Gupta/Pictures/2.jfif"},{"key":"birth_certificate","type":"file","src":"/C:/Users/Suraj Gupta/Pictures/1.jfif"}]},"url":{"raw":"{{url}}/api/v1/childs/{{CHILD_ID}}/","host":["{{url}}"],"path":["api","v1","childs","{{CHILD_ID}}",""]}},"response":[]},{"name":"documents admission forms","event":[{"listen":"test","script":{"id":"1672e888-60c2-45a9-8ba6-89db074ba4e7","exec":["Data = JSON.parse(responseBody)\r","pm.test(\"Status code is 200\", function () {\r","    pm.response.to.have.status(200);\r","});\r","\r",""],"type":"text/javascript"}}],"id":"e4455655-832b-46c2-8e0c-b5a6c8eb8d72","protocolProfileBehavior":{"disableBodyPruning":true},"request":{"auth":{"type":"noauth"},"method":"PATCH","header":[{"key":"Authorization","value":"{{TOKEN}}","type":"text"}],"body":{"mode":"formdata","formdata":[{"key":"photo","type":"file","src":"/C:/Users/Suraj Gupta/Pictures/3.jpg"},{"key":"transfer_certificate","type":"file","src":"/C:/Users/Suraj Gupta/Pictures/4.png"},{"key":"report_card","type":"file","src":"/C:/Users/Suraj Gupta/Pictures/2.jfif"},{"key":"birth_certificate","type":"file","src":"/C:/Users/Suraj Gupta/Pictures/1.jfif","disabled":true}]},"url":{"raw":"{{url}}/api/v1/admission-forms/{{COMMON_FORM_ID}}/","host":["{{url}}"],"path":["api","v1","admission-forms","{{COMMON_FORM_ID}}",""]}},"response":[]},{"name":"documents father","event":[{"listen":"test","script":{"id":"1672e888-60c2-45a9-8ba6-89db074ba4e7","exec":["Data = JSON.parse(responseBody)\r","pm.test(\"Status code is 200\", function () {\r","    pm.response.to.have.status(200);\r","});\r","\r",""],"type":"text/javascript"}}],"id":"a9efceee-7844-4011-a839-ecddd09e2f2d","protocolProfileBehavior":{"disableBodyPruning":true},"request":{"auth":{"type":"noauth"},"method":"PATCH","header":[{"key":"Authorization","value":"{{TOKEN}}","type":"text"}],"body":{"mode":"formdata","formdata":[{"key":"parent_aadhar_card","type":"file","src":"/C:/Users/Suraj Gupta/Pictures/3.jpg"},{"key":"transfer_certificate","type":"file","src":"/C:/Users/Suraj Gupta/Pictures/4.png","disabled":true},{"key":"report_card","type":"file","src":"/C:/Users/Suraj Gupta/Pictures/2.jfif","disabled":true},{"key":"birth_certificate","type":"file","src":"/C:/Users/Suraj Gupta/Pictures/1.jfif","disabled":true}]},"url":{"raw":"{{url}}/api/v1/parents/{{FATHER_SLUG}}/","host":["{{url}}"],"path":["api","v1","parents","{{FATHER_SLUG}}",""]}},"response":[]},{"name":"documents mother","event":[{"listen":"test","script":{"id":"1672e888-60c2-45a9-8ba6-89db074ba4e7","exec":["Data = JSON.parse(responseBody)\r","pm.test(\"Status code is 200\", function () {\r","    pm.response.to.have.status(200);\r","});\r","\r",""],"type":"text/javascript"}}],"id":"6ffd2a33-c68d-4b50-98d7-1c57a061b50e","protocolProfileBehavior":{"disableBodyPruning":true},"request":{"auth":{"type":"noauth"},"method":"PATCH","header":[{"key":"Authorization","value":"{{TOKEN}}","type":"text"}],"body":{"mode":"formdata","formdata":[{"key":"parent_aadhar_card","type":"file","src":"/C:/Users/Suraj Gupta/Pictures/3.jpg"},{"key":"transfer_certificate","type":"file","src":"/C:/Users/Suraj Gupta/Pictures/4.png","disabled":true},{"key":"report_card","type":"file","src":"/C:/Users/Suraj Gupta/Pictures/2.jfif","disabled":true},{"key":"birth_certificate","type":"file","src":"/C:/Users/Suraj Gupta/Pictures/1.jfif","disabled":true}]},"url":{"raw":"{{url}}/api/v1/parents/{{MOTHER_SLUG}}/","host":["{{url}}"],"path":["api","v1","parents","{{MOTHER_SLUG}}",""]}},"response":[]},{"name":"Apply coupon school 1","event":[{"listen":"test","script":{"id":"1672e888-60c2-45a9-8ba6-89db074ba4e7","exec":["// childData = JSON.parse(responseBody)\r","pm.test(\"Status code is 200\", function () {\r","    pm.response.to.have.status(200);\r","});\r","\r",""],"type":"text/javascript"}}],"id":"6ba33e11-57d1-4fef-b83b-f33479950c79","protocolProfileBehavior":{"disableBodyPruning":true},"request":{"auth":{"type":"noauth"},"method":"GET","header":[{"key":"Authorization","value":"{{TOKEN}}","type":"text"}],"url":{"raw":"{{url}}/api/v1/schools/coupon/?school_slug={{SCHOOL_1_SLUG}}&coupon_code={{SCHOOL_1_COUPON}}&child_id={{CHILD_ID}}","host":["{{url}}"],"path":["api","v1","schools","coupon",""],"query":[{"key":"school_slug","value":"{{SCHOOL_1_SLUG}}"},{"key":"coupon_code","value":"{{SCHOOL_1_COUPON}}"},{"key":"child_id","value":"{{CHILD_ID}}"}]}},"response":[]},{"name":"Apply coupon school 2","event":[{"listen":"test","script":{"id":"1672e888-60c2-45a9-8ba6-89db074ba4e7","exec":["// childData = JSON.parse(responseBody)\r","pm.test(\"Status code is 200\", function () {\r","    pm.response.to.have.status(200);\r","});\r","\r",""],"type":"text/javascript"}}],"id":"e4eb9a97-9edd-44f4-a4b7-7324bab27091","protocolProfileBehavior":{"disableBodyPruning":true},"request":{"auth":{"type":"noauth"},"method":"GET","header":[{"key":"Authorization","value":"{{TOKEN}}","type":"text"}],"url":{"raw":"{{url}}/api/v1/schools/coupon/?school_slug={{SCHOOL_2_SLUG}}&coupon_code={{SCHOOL_2_COUPON}}&child_id={{CHILD_ID}}","host":["{{url}}"],"path":["api","v1","schools","coupon",""],"query":[{"key":"school_slug","value":"{{SCHOOL_2_SLUG}}"},{"key":"coupon_code","value":"{{SCHOOL_2_COUPON}}"},{"key":"child_id","value":"{{CHILD_ID}}"}]}},"response":[]},{"name":"Delete cart item Copy","event":[{"listen":"test","script":{"id":"1672e888-60c2-45a9-8ba6-89db074ba4e7","exec":["// childData = JSON.parse(responseBody)\r","pm.test(\"Status code is 404\", function () {\r","    pm.response.to.have.status(404);\r","});\r","\r",""],"type":"text/javascript"}}],"id":"73672ecc-d57c-4b9e-bc6c-44302774c2a8","protocolProfileBehavior":{"disableBodyPruning":true},"request":{"auth":{"type":"noauth"},"method":"GET","header":[{"key":"Authorization","value":"{{TOKEN}}","type":"text"}],"url":{"raw":"{{url}}/api/v1/admission-forms/cart/{{CART_ID}}/","host":["{{url}}"],"path":["api","v1","admission-forms","cart","{{CART_ID}}",""]}},"response":[]}],"id":"09925830-2021-4847-ab07-5c85660407aa"},{"name":"Checkout","item":[{"name":"New Request","event":[{"listen":"test","script":{"id":"9931640f-d24b-4aec-892d-088fd0a78bca","exec":["Data = JSON.parse(responseBody)\r","pm.test(\"Status code is 200\", function () {\r","    pm.response.to.have.status(200);\r","});\r","\r","// pm.environment.set(\"INT_CHILD_ID\", childData.id)"],"type":"text/javascript"}}],"id":"a82fb23a-c5e7-4e81-9283-660b004346a7","protocolProfileBehavior":{"disableBodyPruning":true},"request":{"method":"GET","header":[],"url":{"raw":"{{url}}/api/v1/admission-forms/cart/?include_complete_data=yes&limit=2&child={{CHILD_ID}}","host":["{{url}}"],"path":["api","v1","admission-forms","cart",""],"query":[{"key":"include_complete_data","value":"yes"},{"key":"limit","value":"2"},{"key":"child","value":"{{CHILD_ID}}"}]}},"response":[]},{"name":"cart details","event":[{"listen":"test","script":{"id":"4823a215-e076-4ad4-b6db-649a74fbb575","exec":["pm.test(\"Status code is 200\", function () {\r","    pm.response.to.have.status(200);\r","});\r",""],"type":"text/javascript"}}],"id":"05e203a1-33ac-4b19-824e-8be1184dedf6","protocolProfileBehavior":{"disableBodyPruning":true},"request":{"method":"GET","header":[],"url":{"raw":"{{url}}/api/v1/admission-forms/cart/?child={{CHILD_ID}}","host":["{{url}}"],"path":["api","v1","admission-forms","cart",""],"query":[{"key":"child","value":"{{CHILD_ID}}"}]}},"response":[]},{"name":"cart details Copy","event":[{"listen":"test","script":{"id":"4823a215-e076-4ad4-b6db-649a74fbb575","exec":["pm.test(\"Status code is 200\", function () {\r","    pm.response.to.have.status(200);\r","});\r",""],"type":"text/javascript"}}],"id":"78e88519-ec6d-415e-8e7d-dbf5d10e1d07","protocolProfileBehavior":{"disableBodyPruning":true},"request":{"method":"GET","header":[],"url":{"raw":"{{url}}/api/v1/admission-forms/cart/total/?child={{CHILD_ID}}","host":["{{url}}"],"path":["api","v1","admission-forms","cart","total",""],"query":[{"key":"child","value":"{{CHILD_ID}}"}]}},"response":[]},{"name":"order detail","event":[{"listen":"test","script":{"id":"03810d9d-4f0f-43df-aa2c-e6bc1e87ab39","exec":["Data = JSON.parse(responseBody)\r","\r","pm.test(\"Status code is 200\", function () {\r","    pm.response.to.have.status(200);\r","});\r","\r","pm.environment.set(\"ORDER_ID\", Data.order_id)"],"type":"text/javascript"}}],"id":"153de670-3f72-4b60-ab85-471a3023f589","protocolProfileBehavior":{"disableBodyPruning":true},"request":{"method":"GET","header":[],"url":{"raw":"{{url}}/api/v1/payments/{{CHILD_ID}}/order/","host":["{{url}}"],"path":["api","v1","payments","{{CHILD_ID}}","order",""]}},"response":[]},{"name":"razorpay preferences","event":[{"listen":"test","script":{"id":"fec5680a-dcec-43cc-9678-bb9d510fa8b5","exec":["// Data = JSON.parse(responseBody)\r","\r","pm.test(\"Status code is 200\", function () {\r","    pm.response.to.have.status(200);\r","});\r","\r","// pm.environment.set(\"ORDER_ID\", Data.order_id)"],"type":"text/javascript"}}],"id":"4e24ddd4-82d6-46cc-8fdc-5e745494b6bf","protocolProfileBehavior":{"disableBodyPruning":true},"request":{"method":"GET","header":[],"url":{"raw":"https://api.razorpay.com/v1/preferences?key_id=rzp_test_2hylGNAjJUXTqD&currency%5B0%5D=INR&order_id={{ORDER_ID}}&amount=4000&_%5Bbuild%5D=2909046210&_%5Bcheckout_id%5D=K93BOG54FqgCxs&_%5Blibrary%5D=checkoutjs&_%5Bplatform%5D=browser&_%5Bagent%5D%5Bplatform%5D=web&_%5Bagent%5D%5Bdevice%5D=desktop&_%5Bagent%5D%5Bos%5D=windows&personalisation=1&checkcookie=1&_%5Brequest_index%5D=0","protocol":"https","host":["api","razorpay","com"],"path":["v1","preferences"],"query":[{"key":"key_id","value":"rzp_test_2hylGNAjJUXTqD"},{"key":"currency%5B0%5D","value":"INR"},{"key":"order_id","value":"{{ORDER_ID}}"},{"key":"amount","value":"4000"},{"key":"_%5Bbuild%5D","value":"2909046210"},{"key":"_%5Bcheckout_id%5D","value":"K93BOG54FqgCxs"},{"key":"_%5Blibrary%5D","value":"checkoutjs"},{"key":"_%5Bplatform%5D","value":"browser"},{"key":"_%5Bagent%5D%5Bplatform%5D","value":"web"},{"key":"_%5Bagent%5D%5Bdevice%5D","value":"desktop"},{"key":"_%5Bagent%5D%5Bos%5D","value":"windows"},{"key":"personalisation","value":"1"},{"key":"checkcookie","value":"1"},{"key":"_%5Brequest_index%5D","value":"0"}]}},"response":[]},{"name":"razorpay personalization","event":[{"listen":"test","script":{"id":"e1eebe85-0dfe-4fa1-a3f5-89c8ea83d33b","exec":["// Data = JSON.parse(responseBody)\r","\r","pm.test(\"Status code is 200\", function () {\r","    pm.response.to.have.status(200);\r","});\r","\r","// pm.environment.set(\"ORDER_ID\", Data.order_id)"],"type":"text/javascript"}}],"id":"5846267c-feba-490f-b88a-8100d437bb69","protocolProfileBehavior":{"disableBodyPruning":true},"request":{"method":"GET","header":[],"url":{"raw":"https://api.razorpay.com/v1/personalisation?key_id=rzp_test_2hylGNAjJUXTqD&contact=%2B918668329719&amount=4000&country_code=in","protocol":"https","host":["api","razorpay","com"],"path":["v1","personalisation"],"query":[{"key":"key_id","value":"rzp_test_2hylGNAjJUXTqD"},{"key":"contact","value":"%2B918668329719"},{"key":"amount","value":"4000"},{"key":"country_code","value":"in"}]}},"response":[]}],"id":"c0caa8ae-2774-4705-8ef8-ab3f6336ebac"}],"id":"4d656055-6c72-4e0d-a9d5-ac6108df6fee","auth":{"type":"noauth"},"event":[{"listen":"prerequest","script":{"id":"85aa5ef6-0238-4cb6-ad18-bd8d076edf40","type":"text/javascript","exec":[""]}},{"listen":"test","script":{"id":"cfbf3d17-f847-4b75-b439-977e2df11f47","type":"text/javascript","exec":[""]}}]},{"name":"transfer from payment API","id":"16d23b95-5d46-4ab5-b4af-68eefd9c6146","protocolProfileBehavior":{"disableBodyPruning":true},"request":{"auth":{"type":"basic","basic":[{"key":"password","value":"SmOBp8sUf45hW56jwOd4EEoi","type":"string"},{"key":"username","value":"rzp_test_WdacryS0qjobxo","type":"string"}]},"method":"POST","header":[],"body":{"mode":"raw","raw":"{\r\n    \"transfers\": [\r\n        {\r\n            \"account\": \"acc_JmrEuAn8WSfzW1\",\r\n            \"amount\": 200,\r\n            \"currency\": \"INR\",\r\n            \"notes\": {\r\n                \"From\": \"Ezyschooling\",\r\n                \"roll no\": \"IEC2011026\"\r\n            },\r\n            \"on_hold\": false\r\n        }\r\n    ]\r\n}","options":{"raw":{"language":"json"}}},"url":{"raw":"https://api.razorpay.com/v1/payments/pay_JmveK0nda3lSdn/transfers","protocol":"https","host":["api","razorpay","com"],"path":["v1","payments","pay_JmveK0nda3lSdn","transfers"]}},"response":[]},{"name":"counseling-data","id":"649828b8-994e-4247-b15a-6fcc0e365a83","protocolProfileBehavior":{"disableBodyPruning":true},"request":{"auth":{"type":"noauth"},"method":"GET","header":[{"key":"Authorization","value":"Token 5219da6a2c082616130eb4053369a63155f68175","type":"text"}],"url":{"raw":"{{url}}/api/v2/schools/siddharth-international-public-school-dilshad-garden/admission-open-classes/?session=2022-2023&class_id=1&child=13897","host":["{{url}}"],"path":["api","v2","schools","siddharth-international-public-school-dilshad-garden","admission-open-classes",""],"query":[{"key":"session","value":"2022-2023"},{"key":"class_id","value":"1"},{"key":"child","value":"13897"}]}},"response":[]},{"name":"counseling-data Copy","id":"2cb121b6-0953-46a8-bdbc-988ec2f4e64b","protocolProfileBehavior":{"disableBodyPruning":true},"request":{"auth":{"type":"noauth"},"method":"GET","header":[{"key":"Authorization","value":"Token 5219da6a2c082616130eb4053369a63155f68175","type":"text"}],"url":{"raw":"{{url}}/api/v2/schools/siddharth-international-public-school-dilshad-garden/admission-open-classes/?session=2022-2023&class_id=1&child=13897","host":["{{url}}"],"path":["api","v2","schools","siddharth-international-public-school-dilshad-garden","admission-open-classes",""],"query":[{"key":"session","value":"2022-2023"},{"key":"class_id","value":"1"},{"key":"child","value":"13897"}]}},"response":[]},{"name":"unassigned parent call","id":"34e1f0bc-3e30-45fd-97b8-9e94ab4fbb7b","protocolProfileBehavior":{"disableBodyPruning":true},"request":{"auth":{"type":"noauth"},"method":"GET","header":[{"key":"Authorization","value":"Token fefa5c884f8cedb913710b10b8c6321403704511","type":"text"}],"body":{"mode":"formdata","formdata":[{"key":"file","type":"file","src":"/D:/ezy/ezyadmissions-back-local/ezyadmissions-back/ezyschoolingbackend/Facilities-Max (1).csv"},{"key":"type","value":"facilities","type":"text"}]},"url":{"raw":"http://192.168.29.46:8001/api/v1/schools/applications/excel-export/doe/?apply_for=&start_date=&end_date=&session=","protocol":"http","host":["192","168","29","46"],"port":"8001","path":["api","v1","schools","applications","excel-export","doe",""],"query":[{"key":"apply_for","value":""},{"key":"start_date","value":""},{"key":"end_date","value":""},{"key":"session","value":""}]}},"response":[]},{"name":"counseling-data Copy 2","id":"5347092b-b150-475b-b626-6a431adfdc0e","protocolProfileBehavior":{"disableBodyPruning":true},"request":{"auth":{"type":"noauth"},"method":"GET","header":[{"key":"Authorization","value":"Token 72906a3bb015f91f685e9b6bc7421c3befcc0542","type":"text"}],"url":{"raw":"{{url}}/api/v2/admin_custom/school/siddharth-international-public-school-dilshad-garden/visits/list/","host":["{{url}}"],"path":["api","v2","admin_custom","school","siddharth-international-public-school-dilshad-garden","visits","list",""]}},"response":[]},{"name":"multi-form update","id":"88170ca6-eefd-4ec6-9017-2022d9976474","protocolProfileBehavior":{"disableBodyPruning":true},"request":{"auth":{"type":"noauth"},"method":"PUT","header":[{"key":"Authorization","value":"Token 72906a3bb015f91f685e9b6bc7421c3befcc0542","type":"text","disabled":true}],"body":{"mode":"raw","raw":"{\r\n    \"location\": \"Delhi\",\r\n    \"budget\": \"0-4000\",\r\n    \"board\": \"CBSE, ICSE\",\r\n    \"class_name\": \"2\",\r\n    \"child_age\": \"7\",\r\n    \"child_name\": \"beta samar\",\r\n    \"enquiry\": 25345\r\n}","options":{"raw":{"language":"json"}}},"url":{"raw":"http://192.168.29.176:8000/api/v2/admin_custom/multi-form-template/enquiry/?id=1","protocol":"http","host":["192","168","29","176"],"port":"8000","path":["api","v2","admin_custom","multi-form-template","enquiry",""],"query":[{"key":"id","value":"1"}]}},"response":[]},{"name":"school enquiry","id":"4f5de8ab-0e87-4696-a2ce-a188511ffbe8","protocolProfileBehavior":{"disableBodyPruning":true},"request":{"auth":{"type":"noauth"},"method":"POST","header":[{"key":"Authorization","value":"Token 72906a3bb015f91f685e9b6bc7421c3befcc0542","type":"text","disabled":true}],"body":{"mode":"raw","raw":"{\"parent_name\":\"samar\",\"phone_no\":\"8668329719\",\"email\":\"suraj12911@gmail.com\",\"query\":\"dwdDWdw\",\"class_relation\":21}","options":{"raw":{"language":"json"}}},"url":{"raw":"{{url}}/api/v1/schools/maxfort-school-cambridge/enquiry/?source=SchoolCard","host":["{{url}}"],"path":["api","v1","schools","maxfort-school-cambridge","enquiry",""],"query":[{"key":"source","value":"SchoolCard"}]}},"response":[]},{"name":"lead generate","id":"c958c372-389a-4ff5-a86b-ce815a42ddbe","protocolProfileBehavior":{"disableBodyPruning":true},"request":{"auth":{"type":"noauth"},"method":"PATCH","header":[{"key":"Authorization","value":"Token e0985e68e857c0ae71ae14623c61be3d9c74e9e3","type":"text"}],"body":{"mode":"raw","raw":"{\"class\":\"Nursery\",\"budget\":\"5000\",\"location\":\"Delhi\",\"schools\":[4431]}","options":{"raw":{"language":"json"}}},"url":{"raw":"{{url}}/api/v2/admin_custom/visit/17478/generate/?type=enquiry","host":["{{url}}"],"path":["api","v2","admin_custom","visit","17478","generate",""],"query":[{"key":"type","value":"enquiry"}]}},"response":[]},{"name":"visit scheduled","id":"4a701008-7519-4ffa-ac8b-7a7cfd7d7ca6","protocolProfileBehavior":{"disableBodyPruning":true},"request":{"auth":{"type":"noauth"},"method":"POST","header":[{"key":"Authorization","value":"Token e0985e68e857c0ae71ae14623c61be3d9c74e9e3","type":"text"}],"body":{"mode":"raw","raw":"{\"action_id\":\"9\",\"sub_action_id\":null,\"scheduled_time\":\"11:59:00\",\"scheduled_date\":\"2022-07-02\",\"comment\":\"cfvdfgfdg\"}","options":{"raw":{"language":"json"}}},"url":{"raw":"{{url}}/api/v2/admin_custom/action/17478/?type=enquiry","host":["{{url}}"],"path":["api","v2","admin_custom","action","17478",""],"query":[{"key":"type","value":"enquiry"}]}},"response":[]},{"name":"visit scheduled 2","id":"f57cd40b-8967-4c5c-a221-8fd7070b1e73","protocolProfileBehavior":{"disableBodyPruning":true},"request":{"auth":{"type":"noauth"},"method":"PATCH","header":[{"key":"Authorization","value":"Token e0985e68e857c0ae71ae14623c61be3d9c74e9e3","type":"text"}],"body":{"mode":"raw","raw":"{\"schools\":[4431]}","options":{"raw":{"language":"json"}}},"url":{"raw":"{{url}}/api/v2/admin_custom/visit/17477/schedule/?type=enquiry","host":["{{url}}"],"path":["api","v2","admin_custom","visit","17477","schedule",""],"query":[{"key":"type","value":"enquiry"}]}},"response":[]},{"name":"get a parent call scheduled","id":"28b27836-83fe-4449-8ace-172e7fc7429b","protocolProfileBehavior":{"disableBodyPruning":true},"request":{"auth":{"type":"noauth"},"method":"GET","header":[{"key":"Authorization","value":"Token 28881bfe1e4f7773f52d213f24be5d745b35fab3","type":"text"}],"body":{"mode":"raw","raw":"{\"schools\":[4431]}","options":{"raw":{"language":"json"}}},"url":{"raw":"{{url}}/api/v2/admin_custom/details/9/?type=Callscheduledbyparent","host":["{{url}}"],"path":["api","v2","admin_custom","details","9",""],"query":[{"key":"type","value":"Callscheduledbyparent"}]}},"response":[]},{"name":"get time slot","id":"2864907f-aa01-4876-a2bb-5796da47fe12","protocolProfileBehavior":{"disableBodyPruning":true},"request":{"auth":{"type":"noauth"},"method":"GET","header":[{"key":"Authorization","value":"Token 28881bfe1e4f7773f52d213f24be5d745b35fab3","type":"text"}],"body":{"mode":"raw","raw":"{\"schools\":[4431]}","options":{"raw":{"language":"json"}}},"url":{"raw":"{{url}}/api/v2/admin_custom/get-time-slot/?city=1&date=2022-07-02","host":["{{url}}"],"path":["api","v2","admin_custom","get-time-slot",""],"query":[{"key":"city","value":"1"},{"key":"date","value":"2022-07-02"}]}},"response":[]},{"name":"add parent call scheduled","id":"1b7f8dbd-44d1-40ab-8bff-fc64f989e2c2","protocolProfileBehavior":{"disableBodyPruning":true},"request":{"method":"POST","header":[{"key":"Authorization","value":"Token 84f38133ec2e0129327aabeaefc3430037ac0bf8","type":"text","disabled":true},{"key":"apikey","value":"5dblzdscexj8mahduxva9dnra9t6ahwy","type":"text","disabled":true}],"body":{"mode":"raw","raw":"{\"city\":1,\"name\":\"Suraj Gupta\",\"phone\":\"8668329719\",\"message\":\"fdgsfdgsfg\",\"time_slot\":\"2022-07-02 10:30:00 AM\"}","options":{"raw":{"language":"json"}}},"url":{"raw":"{{url}}/api/v2/admin_custom/parent-call-scheduled/","host":["{{url}}"],"path":["api","v2","admin_custom","parent-call-scheduled",""]}},"response":[]},{"name":"Counseling action onparent call scheduled","id":"388c242f-751f-41d3-a57b-a94b2831c5c3","protocolProfileBehavior":{"disableBodyPruning":true},"request":{"method":"POST","header":[{"key":"Authorization","value":"Token d7e465fae3863b3e45909a0afc3b5afbbb049ee8","type":"text"},{"key":"apikey","value":"5dblzdscexj8mahduxva9dnra9t6ahwy","type":"text","disabled":true}],"body":{"mode":"raw","raw":"type: Callscheduledbyparent\r\n{\"action_id\":11,\"sub_action_id\":\"\",\"scheduled_time\":\"11:00:00\",\"scheduled_date\":\"2022-07-28\",\"comment\":\"ghngfchfdhfdgfdgdfdfghfdhdfhdffdfd\"}","options":{"raw":{"language":"json"}}},"url":{"raw":"{{url}}/api/v2/admin_custom/action/9/?type=Callscheduledbyparent","host":["{{url}}"],"path":["api","v2","admin_custom","action","9",""],"query":[{"key":"type","value":"Callscheduledbyparent"}]}},"response":[]},{"name":"{{url}}/api/v1/admin_custom/counseling-data/","id":"13989e08-43c3-4b9a-9a73-8eb623a213fc","protocolProfileBehavior":{"disableBodyPruning":true},"request":{"auth":{"type":"noauth"},"method":"GET","header":[{"key":"Authorization","value":"Token 2448c7ce5cb8730152f431216715df96eb09a82e","type":"text"}],"url":{"raw":"{{url}}/api/v2/schools/siddharth-international-public-school-dilshad-garden/admission-open-classes/?child=10530&session=2022-2023","host":["{{url}}"],"path":["api","v2","schools","siddharth-international-public-school-dilshad-garden","admission-open-classes",""],"query":[{"key":"child","value":"10530"},{"key":"session","value":"2022-2023"}]}},"response":[]},{"name":"404-500-response-list","id":"d0555644-c16e-42a8-af83-9e22f098fc04","protocolProfileBehavior":{"disableBodyPruning":true},"request":{"method":"GET","header":[{"key":"Authorization","value":"Token ac197cdb5d581587b839f7e0586c624b85aa82ce","type":"text"}],"url":{"raw":"{{url}}/api/v2/admin_custom/404-500-response-list/?generate=no","host":["{{url}}"],"path":["api","v2","admin_custom","404-500-response-list",""],"query":[{"key":"generate","value":"no"}]}},"response":[]},{"name":"whatsapp","id":"9f3193d2-cd8d-4151-b2bf-aefae6bee2af","protocolProfileBehavior":{"disableBodyPruning":true},"request":{"method":"POST","header":[{"key":"apikey","value":"5dblzdscexj8mahduxva9dnra9t6ahwy","type":"text"}],"body":{"mode":"formdata","formdata":[{"key":"channel","value":"whatsapp","type":"text"},{"key":"source","value":"918668329719","type":"text"},{"key":"destination","value":"918408858818","type":"text"},{"key":"message","value":"hi noti","type":"text"},{"key":"disablePreview","value":"true","type":"text"},{"key":"src.name","value":"Ezyschooling","type":"text"}]},"url":{"raw":"https://api.gupshup.io/sm/api/v1/msg","protocol":"https","host":["api","gupshup","io"],"path":["sm","api","v1","msg"]}},"response":[]}]}