{"info":{"_postman_id":"160bd77d-7335-43e8-a8d5-be27842cc0da","name":"Gupshup Whatsapp API Collection","schema":"https://schema.getpostman.com/json/collection/v2.1.0/collection.json"},"item":[{"name":"Consent","item":[{"name":"OPT-IN","id":"ad7b8a95-bbc3-4c4f-bad7-14961e5ba096","protocolProfileBehavior":{"disableBodyPruning":true},"request":{"method":"GET","header":[],"url":{"raw":"https://media.smsgupshup.com/GatewayAPI/rest?method=OPT_IN&format=json&userid=2000XXXXXX&password=XXXXXX&phone_number=919999999999&v=1.1&auth_scheme=plain&channel=WHATSAPP","protocol":"https","host":["media","smsgupshup","com"],"path":["GatewayAPI","rest"],"query":[{"key":"method","value":"OPT_IN","description":"for OPT-OUT use OPT_OUT"},{"key":"format","value":"json"},{"key":"userid","value":"2000XXXXXX"},{"key":"password","value":"XXXXXX"},{"key":"phone_number","value":"919999999999"},{"key":"v","value":"1.1"},{"key":"auth_scheme","value":"plain"},{"key":"channel","value":"WHATSAPP"}]}},"response":[]},{"name":"OPT-OUT","id":"9ebe0a0d-ace0-46fd-b870-e39990655d82","protocolProfileBehavior":{"disableBodyPruning":true},"request":{"method":"GET","header":[],"url":{"raw":"https://media.smsgupshup.com/GatewayAPI/rest?method=OPT_OUT&format=json&userid=2000XXXXXX&password=XXXXXX&phone_number=919999999999&v=1.1&auth_scheme=plain&channel=WHATSAPP","protocol":"https","host":["media","smsgupshup","com"],"path":["GatewayAPI","rest"],"query":[{"key":"method","value":"OPT_OUT"},{"key":"format","value":"json"},{"key":"userid","value":"2000XXXXXX"},{"key":"password","value":"XXXXXX"},{"key":"phone_number","value":"919999999999"},{"key":"v","value":"1.1"},{"key":"auth_scheme","value":"plain"},{"key":"channel","value":"WHATSAPP"}]}},"response":[]}],"id":"3fd8d878-5ebb-4ff5-8f9d-b7143ef74041"},{"name":"Messages","item":[{"name":"Quick Reply and Click To Action","item":[{"name":"Text_QR_Or_CTA","id":"524da290-5212-44b5-bcd8-022e6061455f","protocolProfileBehavior":{"disableBodyPruning":true},"request":{"method":"POST","header":[{"key":"Content-Type","value":"application/x-www-form-urlencoded"}],"body":{"mode":"urlencoded","urlencoded":[{"key":"method","value":"SendMessage","type":"text"},{"key":"userid","value":"2000xxxxxx","type":"text"},{"key":"password","value":"XXXXXXX","type":"text"},{"key":"msg","value":"This is a test message.","type":"text"},{"key":"msg_type","value":"TEXT","type":"text"},{"key":"format","value":"json","type":"text"},{"key":"v","value":"1.1","type":"text"},{"key":"auth_scheme","value":"plain","type":"text"},{"key":"send_to","value":"919999999999","type":"text"},{"key":"isTemplate","value":"true","description":"For Quick Reply & Static URL Button","type":"text"},{"key":"buttonUrlParam","value":"dynamicURLpart","description":"For Dynamic URL Button","type":"text","disabled":true}]},"url":{"raw":"https://media.smsgupshup.com/GatewayAPI/rest","protocol":"https","host":["media","smsgupshup","com"],"path":["GatewayAPI","rest"]}},"response":[]},{"name":"Image_QR_or_CTA","id":"c7f80350-e8cd-4468-93ba-1aa484fc1acc","protocolProfileBehavior":{"disableBodyPruning":true},"request":{"method":"POST","header":[{"key":"Content-Type","value":"application/x-www-form-urlencoded"}],"body":{"mode":"urlencoded","urlencoded":[{"key":"method","value":"SendMediaMessage","type":"text"},{"key":"userid","value":"2000xxxxxx","type":"text"},{"key":"password","value":"XXXXXXX","type":"text"},{"key":"caption","value":"This is a test message.","type":"text"},{"key":"msg_type","value":"IMAGE","type":"text"},{"key":"format","value":"json","type":"text"},{"key":"v","value":"1.1","type":"text"},{"key":"auth_scheme","value":"plain","type":"text"},{"key":"send_to","value":"919999999999","type":"text"},{"key":"isTemplate","value":"true","description":"For Quick Reply & Static URL Button","type":"text"},{"key":"buttonUrlParam","value":"dynamicURLpart","description":"For Dynamic URL Button","type":"text","disabled":true}]},"url":{"raw":"https://media.smsgupshup.com/GatewayAPI/rest","protocol":"https","host":["media","smsgupshup","com"],"path":["GatewayAPI","rest"]}},"response":[]},{"name":"Document_QR_OR_CTA","id":"c95e8b2a-8ec7-428c-8467-9d3383eda6f6","protocolProfileBehavior":{"disableBodyPruning":true},"request":{"method":"POST","header":[],"body":{"mode":"urlencoded","urlencoded":[{"key":"method","value":"SendMediaMessage","type":"text"},{"key":"userid","value":"2000xxxxxx","type":"text"},{"key":"password","value":"XXXXXXX","type":"text"},{"key":"caption","value":"This is a test message.","type":"text"},{"key":"msg_type","value":"DOCUMENT","type":"text"},{"key":"format","value":"json","type":"text"},{"key":"v","value":"1.1","type":"text"},{"key":"auth_scheme","value":"plain","type":"text"},{"key":"send_to","value":"919999999999","type":"text"},{"key":"isTemplate","value":"true","description":"For Quick Reply & Static URL Button","type":"text"},{"key":"buttonUrlParam","value":"dynamicURLpart","description":"For Dynamic URL Button","type":"text","disabled":true}]},"url":{"raw":"https://media.smsgupshup.com/GatewayAPI/rest","protocol":"https","host":["media","smsgupshup","com"],"path":["GatewayAPI","rest"]}},"response":[]},{"name":"Video_QR_OR_CTA","id":"2d0c3e2c-e428-46ec-9f6e-4a29e22cb18d","protocolProfileBehavior":{"disableBodyPruning":true},"request":{"method":"POST","header":[],"body":{"mode":"urlencoded","urlencoded":[{"key":"method","value":"SendMediaMessage","type":"text"},{"key":"userid","value":"2000xxxxxx","type":"text"},{"key":"password","value":"XXXXXXX","type":"text"},{"key":"caption","value":"This is a test message.","type":"text"},{"key":"msg_type","value":"VIDEO","type":"text"},{"key":"format","value":"json","type":"text"},{"key":"v","value":"1.1","type":"text"},{"key":"auth_scheme","value":"plain","type":"text"},{"key":"send_to","value":"919999999999","type":"text"},{"key":"isTemplate","value":"true","description":"For Quick Reply & Static URL Button","type":"text"},{"key":"buttonUrlParam","value":"dynamicURLpart","description":"For Dynamic URL Button","type":"text","disabled":true}]},"url":{"raw":"https://media.smsgupshup.com/GatewayAPI/rest","protocol":"https","host":["media","smsgupshup","com"],"path":["GatewayAPI","rest"]}},"response":[]},{"name":"Location_QR_OR_CTA","id":"deff7970-deec-4acb-87ab-72cbdd6a7de1","protocolProfileBehavior":{"disableBodyPruning":true},"request":{"method":"POST","header":[{"key":"Content-Type","value":"application/x-www-form-urlencoded"}],"body":{"mode":"urlencoded","urlencoded":[{"key":"method","value":"SendMessage","type":"text"},{"key":"userid","value":"2000xxxxxx","type":"text"},{"key":"password","value":"XXXXXXX","type":"text"},{"key":"msg","value":"This is a test message.","type":"text"},{"key":"msg_type","value":"LOCATION","type":"text"},{"key":"format","value":"json","type":"text"},{"key":"v","value":"1.1","type":"text"},{"key":"auth_scheme","value":"plain","type":"text"},{"key":"send_to","value":"919999999999","type":"text"},{"key":"location","value":"{\"longitude\": -122.425332, \"latitude\": 37.758056, \"name\": \"Facebook\", \"address\": \"1 Hacker Way, Menlo Park, CA94025\"}","type":"text"},{"key":"isTemplate","value":"true","description":"For Quick Reply & Static URL Button","type":"text"},{"key":"buttonUrlParam","value":"dynamicURLpart","description":"For Dynamic URL Button","type":"text","disabled":true}]},"url":{"raw":"https://media.smsgupshup.com/GatewayAPI/rest","protocol":"https","host":["media","smsgupshup","com"],"path":["GatewayAPI","rest"]}},"response":[]},{"name":"List - 2way","id":"2bd35fdd-7a2b-486d-a58a-0791cd1a5f1c","protocolProfileBehavior":{"disableBodyPruning":true},"request":{"method":"POST","header":[{"key":"Content-Type","value":"application/x-www-form-urlencoded"}],"body":{"mode":"urlencoded","urlencoded":[{"key":"method","value":"SENDMESSAGE","type":"text"},{"key":"msg","value":"Welcome to ABC Bank please select one to avail our service.","type":"text"},{"key":"msg_type","value":"text","type":"text"},{"key":"userid","value":"2000XXXXX","type":"text"},{"key":"auth_scheme","value":"plain","type":"text"},{"key":"password","value":"XXXXXX","type":"text"},{"key":"format","value":"text","type":"text"},{"key":"interactive_type","value":"list","type":"text"},{"key":"send_to","value":"9999999999","type":"text"},{"key":"action","value":"{\n\"button\": \"Menu\",   \n    \"sections\": [\n      {\n        \"title\": \"️Balance\",\n        \"rows\": [\n          {\n            \"id\": \"id1\",\n            \"title\": \"My Balance\",\n            \"description\": \"Select to check Account Balance\"\n          }\n        ]\n      },\n      {\n        \"title\": \"Open Account\",\n        \"rows\": [\n          {\n            \"id\": \"id2\",\n            \"title\": \"Saving\",\n            \"description\": \"Click here to open saving account\"\n          },\n           {\n            \"id\": \"id3\",\n            \"title\": \"Current\",\n            \"description\": \"Click here to open current account\"\n          }\n        ]\n      },\n      {\n        \"title\": \"Service\",\n        \"rows\": [\n          {\n            \"id\": \"id4\",\n            \"title\": \"Customer care\",\n            \"description\": \"select to connect with Customer care\"\n          },\n          {\n            \"id\": \"id5\",\n            \"title\": \"Call Back\",\n            \"description\": \"We will call you back in 10 min\"\n          },\n          {\n            \"id\": \"id6\",\n            \"title\": \"Locate Us\",\n            \"description\": \"Select to find nearest Branch\"\n          }\n        ]\n      },\n      {\n        \"title\": \"KYC\",\n        \"rows\": [\n          {\n            \"id\": \"id7\",\n            \"title\": \"Phone\",\n            \"description\": \"To change Phone number\"\n          },\n          {\n            \"id\": \"id8\",\n            \"title\": \"Email\",\n            \"description\": \"Change email address\"\n          },\n          {\n            \"id\": \"id9\",\n            \"title\": \"Address\",\n            \"description\": \"Change adress\"\n          },\n          {\n            \"id\": \"id10\",\n            \"title\": \"Aadhar\",\n            \"description\": \"Select to submit Aadhar\"\n          }\n        ]\n      }\n    ]\n  }","type":"text"},{"key":"v","value":"1.1","type":"text"},{"key":"format","value":"TEXT","type":"text"},{"key":"footer","value":"for more details please visit www.abcbank.com","type":"text"},{"key":"header","value":"ABC Bank","type":"text"}]},"url":{"raw":"http://media.smsgupshup.com/GatewayAPI/rest","protocol":"http","host":["media","smsgupshup","com"],"path":["GatewayAPI","rest"]}},"response":[]},{"name":"Reply Button - 2way","id":"bff3fadd-9ab9-4c3a-82cf-2a27d9a466a8","protocolProfileBehavior":{"disableBodyPruning":true},"request":{"method":"POST","header":[{"key":"Content-Type","value":"application/x-www-form-urlencoded"}],"body":{"mode":"urlencoded","urlencoded":[{"key":"method","value":"SendMediaMessage","type":"text"},{"key":"send_to","value":"91XXXXXXX","type":"text"},{"key":"msg_type","value":"IMAGE","type":"text"},{"key":"userid","value":"20000XXXXXX","type":"text"},{"key":"auth_scheme","value":"plain","type":"text"},{"key":"password","value":"XXXXXX","type":"text"},{"key":"v","value":"1.1","type":"text"},{"key":"format","value":"text","type":"text"},{"key":"data_encoding","value":"TEXT","type":"text"},{"key":"media_url","value":"https://www.gstatic.com/webp/gallery3/1.png","type":"text"},{"key":"caption","value":"Welcome to ABC Bank. Kindly select your Accout Type.","type":"text"},{"key":"action","value":"{\n\t\"buttons\": [{\n\t\t\t\"type\": \"reply\",\n\t\t\t\"reply\": {\n\t\t\t\t\"id\": \"1a\",\n\t\t\t\t\"title\": \"Balance\"\n\t\t\t}\n\t\t},\n\t\t{\n\t\t\t\"type\": \"reply\",\n\t\t\t\"reply\": {\n\t\t\t\t\"id\": \"1b\",\n\t\t\t\t\"title\": \"Current\"\n\t\t\t}\n\t\t},\n\t\t{\n\t\t\t\"type\": \"reply\",\n\t\t\t\"reply\": {\n\t\t\t\t\"id\": \"1c\",\n\t\t\t\t\"title\": \"Savings\"\n\t\t\t}\n\t\t}\n\t]\n}","type":"text"},{"key":"interactive_type","value":"dr_button","type":"text"},{"key":"footer","value":"ABC Bank ","type":"text"},{"key":"linkTrackingEnabled","value":"true","type":"text"},{"key":"msg_id","value":"Test01","type":"text"}]},"url":{"raw":"http://media.smsgupshup.com/GatewayAPI/rest","protocol":"http","host":["media","smsgupshup","com"],"path":["GatewayAPI","rest"]}},"response":[]}],"id":"82b3da9b-0b3c-42ae-b44f-b72ba2b0dda7"},{"name":"TEXT and Media","item":[{"name":"Text","id":"2bfd06fd-0386-4bd5-b649-7ac727f40d52","protocolProfileBehavior":{"disableBodyPruning":true},"request":{"method":"POST","header":[{"key":"Content-Type","value":"application/x-www-form-urlencoded"}],"body":{"mode":"urlencoded","urlencoded":[{"key":"send_to","value":"919999999999","type":"text"},{"key":"msg_type","value":"Text","type":"text"},{"key":"userid","value":"2000XXXXXX","type":"text"},{"key":"auth_scheme","value":"plain","type":"text"},{"key":"password","value":"XXXXXXX","type":"text"},{"key":"method","value":"SendMessage","type":"text"},{"key":"v","value":"1.1","type":"text"},{"key":"format","value":"json","type":"text"},{"key":"msg","value":"This is test message","type":"text"}]},"url":{"raw":"http://media.smsgupshup.com/GatewayAPI/rest","protocol":"http","host":["media","smsgupshup","com"],"path":["GatewayAPI","rest"]}},"response":[]},{"name":"Text template","id":"09a93cc1-62ba-4982-8258-4ce079edf482","protocolProfileBehavior":{"disableBodyPruning":true},"request":{"method":"POST","header":[{"key":"Content-Type","value":"application/x-www-form-urlencoded"}],"url":{"raw":"https://media.smsgupshup.com/GatewayAPI/rest?method=SendMessage&format=json&userid=2000209370&password=E5LEuU83&send_to=917992315671&v=1.1&auth_scheme=plain&msg_type=HSM&msg=Hi","protocol":"https","host":["media","smsgupshup","com"],"path":["GatewayAPI","rest"],"query":[{"key":"method","value":"SendMessage"},{"key":"format","value":"json"},{"key":"userid","value":"2000209370"},{"key":"password","value":"E5LEuU83"},{"key":"send_to","value":"917992315671"},{"key":"v","value":"1.1"},{"key":"auth_scheme","value":"plain"},{"key":"msg_type","value":"HSM"},{"key":"msg","value":"Hi"}]}},"response":[]},{"name":"Text template Copy","id":"7d9f4291-a57f-4346-9186-92b86f4792d3","protocolProfileBehavior":{"disableBodyPruning":true},"request":{"method":"POST","header":[{"key":"Content-Type","value":"application/x-www-form-urlencoded"}],"url":{"raw":"https://media.smsgupshup.com/GatewayAPI/rest?userid=2000209370&password={{hsm_user_passwd}}&send_to=918668329719&v=1.1&format=json&msg_type=TEXT&method=SENDMESSAGE&msg=%2ASomeone+has+enquired+for+your+school%2A+%E2%81%89%EF%B8%8F%0A%0AName%3A+Suraj+School%0APhone%3A+21212121212%0A%0AMake+sure+to+reach+out+to+them+as+soon+as+you+can%21&isTemplate=true","protocol":"https","host":["media","smsgupshup","com"],"path":["GatewayAPI","rest"],"query":[{"key":"userid","value":"2000209370"},{"key":"password","value":"{{hsm_user_passwd}}"},{"key":"send_to","value":"918668329719"},{"key":"v","value":"1.1"},{"key":"format","value":"json"},{"key":"msg_type","value":"TEXT"},{"key":"method","value":"SENDMESSAGE"},{"key":"msg","value":"%2ASomeone+has+enquired+for+your+school%2A+%E2%81%89%EF%B8%8F%0A%0AName%3A+Suraj+School%0APhone%3A+21212121212%0A%0AMake+sure+to+reach+out+to+them+as+soon+as+you+can%21"},{"key":"isTemplate","value":"true"}]}},"response":[]},{"name":"Text Copy","id":"e28b5965-1b67-4dd7-8587-91dee5de03b0","protocolProfileBehavior":{"disableBodyPruning":true},"request":{"method":"POST","header":[{"key":"Content-Type","value":"application/x-www-form-urlencoded"}],"body":{"mode":"urlencoded","urlencoded":[{"key":"send_to","value":"919999999999","type":"text"},{"key":"msg_type","value":"Text","type":"text"},{"key":"userid","value":"2000XXXXXX","type":"text"},{"key":"auth_scheme","value":"plain","type":"text"},{"key":"password","value":"XXXXXXX","type":"text"},{"key":"method","value":"SendMessage","type":"text"},{"key":"v","value":"1.1","type":"text"},{"key":"format","value":"json","type":"text"},{"key":"msg","value":"This is test message","type":"text"}]},"url":{"raw":"http://media.smsgupshup.com/GatewayAPI/rest","protocol":"http","host":["media","smsgupshup","com"],"path":["GatewayAPI","rest"]}},"response":[]},{"name":"Document","id":"34de24b2-5e08-43f7-ba1a-d1f6dae3a4f2","protocolProfileBehavior":{"disableBodyPruning":true},"request":{"method":"POST","header":[],"body":{"mode":"urlencoded","urlencoded":[{"key":"send_to","value":"91XXXXXXXXXXXX","type":"text"},{"key":"msg_type","value":"DOCUMENT","type":"text"},{"key":"userid","value":"2000XXXXXX","type":"text"},{"key":"auth_scheme","value":"plain","type":"text"},{"key":"password","value":"XXXXXX","type":"text"},{"key":"v","value":"1.1","type":"text"},{"key":"format","value":"text","type":"text"},{"key":"caption","value":"This is a test message.","type":"text"},{"key":"isHSM","value":"true","type":"text"},{"key":"method","value":"SendmediaMessage","type":"text"},{"key":"filename","value":"24234","type":"text"},{"key":"media_url","value":"http://enterprise.smsgupshup.com/help/in/EnterpriseAPIDocument.pdf","type":"text"}]},"url":{"raw":"http://media.smsgupshup.com/GatewayAPI/rest","protocol":"http","host":["media","smsgupshup","com"],"path":["GatewayAPI","rest"]}},"response":[]},{"name":"Video","id":"e8c25f7f-2251-42a3-9ebf-415c3851f00a","protocolProfileBehavior":{"disableBodyPruning":true},"request":{"method":"POST","header":[],"body":{"mode":"urlencoded","urlencoded":[{"key":"msg_type","value":"VIDEO","type":"text"},{"key":"userid","value":"2000XXXXXX","type":"text"},{"key":"auth_scheme","value":"plain","type":"text"},{"key":"password","value":"XXXXXX","type":"text"},{"key":"v","value":"1.1","type":"text"},{"key":"format","value":"text","type":"text"},{"key":"media_url","value":"http://clips.vorwaerts-gmbh.de/VfE_html5.mp4","type":"text"},{"key":"caption","value":"This is test message","type":"text"},{"key":"isHSM","value":"true","type":"text"},{"key":"method","value":"SendmediaMessage","type":"text"},{"key":"send_to","value":"91XXXXXXX","type":"text"}]},"url":{"raw":"http://media.smsgupshup.com/GatewayAPI/rest","protocol":"http","host":["media","smsgupshup","com"],"path":["GatewayAPI","rest"]}},"response":[]},{"name":"Contact","id":"36ef1c53-73d2-4638-bcc3-e8ee87891fcd","protocolProfileBehavior":{"disableBodyPruning":true},"request":{"method":"POST","header":[],"body":{"mode":"urlencoded","urlencoded":[{"key":"send_to","value":"91XXXXXXXXXX","type":"text"},{"key":"password","value":"XXXXXX","type":"text"},{"key":"method","value":"SendMessage","type":"text"},{"key":"v","value":"1.1","type":"text"},{"key":"format","value":"json","type":"text"},{"key":"msg_type","value":"contacts","type":"text"},{"key":"auth_scheme","value":"plain","type":"text"},{"key":"userid","value":"2000XXXXXX","type":"text"},{"key":"contacts","value":"[\n                {\n                    \"addresses\": [\n                        {\n                            \"city\": \"Menlo Park\",\n                            \"country\": \"United States\",\n                            \"country_code\": \"us\",\n                            \"state\": \"CA\",\n                            \"street\": \"1 Hacker Way\",\n                            \"type\": \"HOME\",\n                            \"zip\": \"94025\"\n                        },\n                        {\n                            \"city\": \"Menlo Park\",\n                            \"country\": \"United States\",\n                            \"country_code\": \"us\",\n                            \"state\": \"CA\",\n                            \"street\": \"200 Jefferson Dr\",\n                            \"type\": \"WORK\",\n                            \"zip\": \"94025\"\n                        }\n                    ],\n                    \"birthday\": \"2012-08-18\",\n                    \"emails\": [\n                        {\n                            \"email\": \"test@fb.com\",\n                            \"type\": \"WORK\"\n                        },\n                        {\n                            \"email\": \"test@whatsapp.com\",\n                            \"type\": \"WORK\"\n                        }\n                    ],\n                    \"name\": {\n                        \"first_name\": \"John\",\n                        \"formatted_name\": \" Adolph Blaine Charles David Earl Frederick Gerald Hubert Irvin John Kenneth Lloyd Martin Nero Oliver Paul Quincy Randolph Sherman Thomas Uncas Victor William Xerxes Yancy Wolfeschlegelsteinhausenbergerdorff, Senior\",\n                        \"last_name\": \"Smith\"\n                    },\n                    \"org\": {\n                        \"company\": \"WhatsApp\",\n                        \"department\": \"Design\",\n                        \"title\": \"Manager\"\n                    },\n                    \"phones\": [\n                        {\n                            \"phone\": \"+1 (940) 555-1234\",\n                            \"type\": \"HOME\"\n                        },\n                        {\n                            \"phone\": \"+1 (650) 555-1234\",\n                            \"type\": \"WORK\",\n                            \"wa_id\": \"16505551234\"\n                        },{\n                            \"phone\": \"8767879963\",\n                            \"type\": \"WORK\",\n                        }\n                    ],\n                    \"urls\": [\n                        {\n                             \"url\": \"https://www.facebook.com\",\n                             \"type\": \"WORK\"\n                        }\n                    ]\n                }\n            ]","type":"text"},{"key":"check_duplicate_post_in_duration","value":"false","type":"text"},{"key":"data_encoding","value":"text","type":"text"},{"key":"isHSM","value":"false","type":"text"}]},"url":{"raw":"http://media.smsgupshup.com/GatewayAPI/rest","protocol":"http","host":["media","smsgupshup","com"],"path":["GatewayAPI","rest"]}},"response":[]},{"name":"Location","id":"9de6107b-0075-4f02-a56b-da7787120bd5","protocolProfileBehavior":{"disableBodyPruning":true},"request":{"method":"POST","header":[{"key":"Content-Type","value":"application/x-www-form-urlencoded"}],"body":{"mode":"urlencoded","urlencoded":[{"key":"msg","value":"This is a test message.","type":"text"},{"key":"send_to","value":"91XXXXXXXXXX","type":"text"},{"key":"password","value":"XXXXXX","type":"text"},{"key":"userid","value":"2000XXXXXX","type":"text"},{"key":"method","value":"SendMessage","type":"text"},{"key":"v","value":"1.1","type":"text"},{"key":"format","value":"json","type":"text"},{"key":"msg_type","value":"LOCATION","type":"text"},{"key":"auth_scheme","value":"plain","type":"text"},{"key":"location","value":" { \"longitude\": -122.425332, \"latitude\": 37.758056, \"name\": \"testss\", \"address\": \"1 Hacker Way, Menlo Park, CA 94025\" }","type":"text"},{"key":"isHSM","value":"false","type":"text"},{"key":"data_encoding","value":"text","type":"text"},{"key":"check_duplicate_post_in_duration","value":"true","type":"text"}]},"url":{"raw":"http://media.smsgupshup.com/GatewayAPI/rest","protocol":"http","host":["media","smsgupshup","com"],"path":["GatewayAPI","rest"]}},"response":[]},{"name":"Image","id":"6fb63a63-c182-43bf-8f17-ec97b1ba9fc8","protocolProfileBehavior":{"disableBodyPruning":true},"request":{"method":"POST","header":[{"key":"Content-Type","value":"application/x-www-form-urlencoded"}],"body":{"mode":"urlencoded","urlencoded":[{"key":"send_to","value":"918408858818","type":"text"},{"key":"msg_type","value":"IMAGE","type":"text"},{"key":"userid","value":"{{2_way_user_id}}","type":"text"},{"key":"auth_scheme","value":"plain","type":"text"},{"key":"password","value":"{{2_way_passwd}}","type":"text"},{"key":"method","value":"SendMediaMessage","type":"text"},{"key":"v","value":"1.1","type":"text"},{"key":"format","value":"text","type":"text"},{"key":"media_url","value":"https://homepages.cae.wisc.edu/~ece533/images/airplane.png","type":"text"},{"key":"caption","value":"This is a test message.","type":"text"}]},"url":{"raw":"{{url}}/GatewayAPI/rest","host":["{{url}}"],"path":["GatewayAPI","rest"]}},"response":[]},{"name":"Header and Footer","id":"24a93e43-b7f6-441a-b75d-5453d8824b29","protocolProfileBehavior":{"disableBodyPruning":true},"request":{"method":"POST","header":[],"body":{"mode":"urlencoded","urlencoded":[{"key":"send_to","value":"918408858818","type":"text"},{"key":"msg_type","value":"Text","type":"text"},{"key":"userid","value":"{{2_way_user_id}}","type":"text"},{"key":"auth_scheme","value":"plain","type":"text"},{"key":"password","value":"{{2_way_passwd}}","type":"text"},{"key":"method","value":"SendMessage","type":"text"},{"key":"v","value":"1.1","type":"text"},{"key":"format","value":"json","type":"text"},{"key":"msg","value":"Ezyschooling is a technologically driven admissions platform that bridges the gap between admission-seeking parents and schools.","type":"text"},{"key":"header","value":"Header goes here","description":"Need to add this if you're using header. You can use these params for any message template.","type":"text"},{"key":"footer","value":"Footer goes here","description":"Need to add this if you're using footer. You can use these params for any message template.","type":"text"},{"key":"isTemplate","value":"true","description":"This is mandatory if you're using header or footer. ","type":"text","disabled":true},{"key":"isHSM","value":"true","type":"text","disabled":true}]},"url":{"raw":"{{url}}/GatewayAPI/rest","host":["{{url}}"],"path":["GatewayAPI","rest"]}},"response":[]},{"name":"pdf send template","id":"a4757a23-9dc4-4bd4-a1d5-4242d84da294","protocolProfileBehavior":{"disableBodyPruning":true},"request":{"method":"POST","header":[],"body":{"mode":"urlencoded","urlencoded":[{"key":"userid","value":"2000209370","type":"text"},{"key":"password","value":"{{hsm_user_passwd}}","type":"text"},{"key":"send_to","value":"918668329719","type":"text"},{"key":"v","value":"1.1","type":"text"},{"key":"format","value":"json","type":"text"},{"key":"msg_type","value":"DOCUMENT","type":"text"},{"key":"method","value":"SENDMEDIAMESSAGE","type":"text"},{"key":"caption","value":"Hello\n\nHere is your form submitted.","type":"text"},{"key":"media_url","value":"https://www.orimi.com/pdf-test.pdf","type":"text"},{"key":"filename","value":"sample pdf","type":"text"}]},"url":{"raw":"https://media.smsgupshup.com/GatewayAPI/rest","protocol":"https","host":["media","smsgupshup","com"],"path":["GatewayAPI","rest"]}},"response":[]}],"id":"8ed19e1a-c88e-41b0-a6d2-54aded64058a"}],"id":"9de8335f-6a76-4d72-960f-01b700d3aa8f"},{"name":"Delivery Event CallBack","item":[{"name":"DLR_JSON","id":"2a7edbc2-1a1e-4481-87aa-008341557203","protocolProfileBehavior":{"disableBodyPruning":true},"request":{"method":"POST","header":[],"body":{"mode":"raw","raw":"[\n    {\n        \"srcAddr\": \"TESTSM\",\n        \"channel\": \"WHATSAPP\",\n        \"externalId\": \"X3950X19X60X09155X5-XX3190X3X3X199X0XX\",\n        \"cause\": \"SUCCESS\",\n        \"errorCode\": \"000\",\n        \"destAddr\": \"919999999999\",\n        \"eventType\": \"DELIVERED\",\n        \"eventTs\": 16X3XX6X30000\n    }\n]","options":{"raw":{"language":"json"}}},"url":{"raw":"https://webhook.site/debe6f59-9236-43a5-a6a7-03fb42bff8e3","protocol":"https","host":["webhook","site"],"path":["debe6f59-9236-43a5-a6a7-03fb42bff8e3"]}},"response":[]},{"name":"DLR_KEYVALUE","id":"cd991415-89b2-4b38-9f85-4f0a6fd2ca47","protocolProfileBehavior":{"disableBodyPruning":true},"request":{"method":"POST","header":[],"body":{"mode":"urlencoded","urlencoded":[{"key":"response","value":"[{\"srcAddr\":\"TESTSM\",\"channel\":\"WHATSAPP\",\"externalId\":\"4X95076X95907X01X91-X1X4X77074-6001571470-X0X1X7X699-X0X1061X0XX659\",\"cause\":\"READ\",\"errorCode\":\"0X6\",\"destAddr\":\"91X1X4X77074\",\"eventType\":\"READ\",\"eventTs\":16XX445656000}]","type":"text"}]},"url":{"raw":"https://webhook.site/debe6f59-9236-43a5-a6a7-03fb42bff8e3","protocol":"https","host":["webhook","site"],"path":["debe6f59-9236-43a5-a6a7-03fb42bff8e3"]}},"response":[]}],"id":"3d2a2ccf-a275-460d-8942-d54b2f37dd51"},{"name":"Inbound CallBack","item":[{"name":"JSON","id":"e26c04c1-a5c5-4644-92af-d8a5a589a791","protocolProfileBehavior":{"disableBodyPruning":true},"request":{"method":"POST","header":[],"body":{"mode":"raw","raw":"{\n    \"waNumber\": \"919999999999\",\n    \"mobile\": \"919999999999\",\n    \"name\": \"Test Name\",\n    \"text\": \"hello\",\n    \"type\": \"text\",\n    \"timestamp\": \"1623446483000\"\n}","options":{"raw":{"language":"json"}}},"url":{"raw":"https://webhook.site/debe6f59-9236-43a5-a6a7-03fb42bff8e3","protocol":"https","host":["webhook","site"],"path":["debe6f59-9236-43a5-a6a7-03fb42bff8e3"]}},"response":[]},{"name":"KEYVALUE","id":"7537c8af-bedd-4860-9ccf-014fa047dcc9","protocolProfileBehavior":{"disableBodyPruning":true},"request":{"method":"POST","header":[],"body":{"mode":"urlencoded","urlencoded":[{"key":"mobile","value":"919999999999","type":"text"},{"key":"type","value":"text","type":"text"},{"key":"text","value":"hello","type":"text"},{"key":"timestamp","value":"1623446614000","type":"text"},{"key":"waNumber","value":"919999999999","type":"text"},{"key":"name","value":"Test Name","type":"text"}]},"url":{"raw":"https://webhook.site/debe6f59-9236-43a5-a6a7-03fb42bff8e3","protocol":"https","host":["webhook","site"],"path":["debe6f59-9236-43a5-a6a7-03fb42bff8e3"]}},"response":[]},{"name":"JSON - Media","id":"5d7861a5-f1b9-4ceb-b497-ec720caec07e","protocolProfileBehavior":{"disableBodyPruning":true},"request":{"method":"POST","header":[],"body":{"mode":"raw","raw":"{\n    \"image\": \"{\\\"signature\\\":\\\"fa9d20ab70ef7519c154a558b126a06f703cc5017c4eab2a8700424ff6445ae8\\\",\\\"mime_type\\\":\\\"image/jpeg\\\",\\\"url\\\":\\\"https://gs-datareceiver-whatsapp.s3.ap-south-1.amazonaws.com/4442557772677427787_080a1258-6a4b-434e-81e7-ec019247df7a?X-Amz-Algorithm=AWS4-HMAC-SHA256&X-Amz-Date=20210816T092303Z&X-Amz-SignedHeaders=host&X-Amz-Expires=172800&X-Amz-Credential=AKIAV4FTFRLFCLI4BR77%2F20210816%2Fap-south-1%2Fs3%2Faws4_request&X-Amz-Signature=\\\"}\",\n    \"waNumber\": \"919999999999\",\n    \"mobile\": \"919999999999\",\n    \"name\": \"Test Name\",\n    \"type\": \"image\",\n    \"timestamp\": \"1629105782000\"\n}","options":{"raw":{"language":"json"}}},"url":{"raw":"https://webhook.site/082e8422-b119-4922-988d-7baebee44498","protocol":"https","host":["webhook","site"],"path":["082e8422-b119-4922-988d-7baebee44498"]}},"response":[]},{"name":"Keyvalue - Media","id":"a8c53e71-5685-4576-b71d-afab382c8dbd","protocolProfileBehavior":{"disableBodyPruning":true},"request":{"method":"POST","header":[{"key":"Content-Type","value":"application/x-www-form-urlencoded"},{"key":"Cookie","value":"laravel_session=84clsrFuVOcedu6N7JshUOpsEOQEgq7NysrxX1lq"}],"body":{"mode":"urlencoded","urlencoded":[{"key":"mobile","value":"91999999999","type":"text"},{"key":"type","value":"image","type":"text"},{"key":"image","value":"{\"signature\":\"40299a1e4b61dfe4a22101143f7e924ba9c40397f3c0b730a20822989c504ac4\",\"mime_type\":\"image/jpeg\",\"url\":\"https://gs-datareceiver-whatsapp.s3.ap-south-1.amazonaws.com/4442558988001157707_86e2bbc1-b16d-4018-aa7b-0a95c786603e?X-Amz-Algorithm=AWS4-HMAC-SHA256\nX-Amz-Date=20210816T092528Z\nX-Amz-SignedHeaders=host\nX-Amz-Expires=172800\nX-Amz-Credential=AKIAV4FTFRLFCLI4BR77/20210816/ap-south-1/s3/aws4_request\nX-Amz-Signature=\"}","type":"text"},{"key":"timestamp","value":"1629105927000","type":"text"},{"key":"waNumber","value":"91999999999","type":"text"},{"key":"name","value":"TestName","type":"text"}]},"url":{"raw":"https://webhook.site/082e8422-b119-4922-988d-7baebee44498","protocol":"https","host":["webhook","site"],"path":["082e8422-b119-4922-988d-7baebee44498"]}},"response":[]}],"id":"1a1c7d64-c076-4574-8d60-f0d867cfeae9"}]}