{"info":{"_postman_id":"2eddff32-7e8d-455d-9aa4-a554fcbb6060","name":"Ezy test server","schema":"https://schema.getpostman.com/json/collection/v2.1.0/collection.json"},"item":[{"name":"Parent","item":[{"name":"user register","item":[{"name":"register","event":[{"listen":"test","script":{"type":"text/javascript","exec":["loginData = JSON.parse(responseBody)\r","pm.test(\"Status code is 201\", function () {\r","    pm.response.to.have.status(201);\r","});\r","token = loginData.key\r","console.log(\"token-------------->\", token)\r","pm.environment.set(\"TOKEN\",\"Token \"+ token);\r","var reqdata = JSON.parse(request.data);\r","console.log(\"asa\",reqdata[\"email\"])\r","pm.environment.set(\"PASSWORD\", reqdata[\"password1\"]);\r","pm.environment.set(\"NAME\", reqdata[\"name\"]);\r","pm.environment.set(\"PHONE\", reqdata[\"phone\"]);"],"id":"58867cdd-33bc-49f0-a36c-60d23abe456d"}},{"listen":"prerequest","script":{"type":"text/javascript","exec":["const d = new Date();\r","let time = d.getTime()\r","// time = time.toString().slice(0,5)\r","// console.log(\"time---->\", time, typeof time, time.toString().slice(0,5))\r","email = \"suraj12911+1@gmail.com\"\r","new_email = email.split(\"@\")[0]+time+\"@\"+email.split(\"@\")[1]\r","console.log(new_email)\r","pm.environment.set(\"PARENT_EMAIL\", new_email);\r","console.log(JSON.parse(request.data));"],"id":"0466d99a-5349-418d-924f-d67184b0fbc0"}}],"id":"dab666fe-8f29-4b6e-9482-21f1d63bbb2a","protocolProfileBehavior":{"disableBodyPruning":true},"request":{"method":"POST","header":[],"body":{"mode":"raw","raw":"{\"email\":\"{{PARENT_EMAIL}}\",\"password1\":\"Suraj@123\",\"name\":\"suraj123test\",\"phone\":8668329719,\"mail_pref\":true,\"whatsapp\":\"yes\",\"ad_source\":\"\"}","options":{"raw":{"language":"json"}}},"url":{"raw":"{{url}}/api/v1/parents/registration/","host":["{{url}}"],"path":["api","v1","parents","registration",""]}},"response":[]},{"name":"Get Parent details","event":[{"listen":"test","script":{"type":"text/javascript","exec":["UserData = JSON.parse(responseBody)\r","pm.test(\"Status code is 200\", function () {\r","    pm.response.to.have.status(200);\r","});\r","\r","pm.environment.set(\"PARENT_ID\",UserData.user);\r",""],"id":"8a819117-3a42-494f-a281-7dc1b66b77cf"}}],"id":"d9e63203-5a53-47dd-9a7d-62ba3f5cbdac","protocolProfileBehavior":{"disableBodyPruning":true},"request":{"method":"GET","header":[],"url":{"raw":"{{url}}/api/v1/parents/","host":["{{url}}"],"path":["api","v1","parents",""]}},"response":[]}],"id":"456f9660-a721-45fe-9e79-ad7a3c175377"},{"name":"Add Child","item":[{"name":"Add child","event":[{"listen":"test","script":{"type":"text/javascript","exec":["childData = JSON.parse(responseBody)\r","pm.test(\"Status code is 201\", function () {\r","    pm.response.to.have.status(201);\r","});\r","\r","pm.environment.set(\"CHILD_ID\", childData.id.toString())\r","pm.environment.set(\"CHILD_CLASS\", childData.class_applying_for)\r","pm.environment.set(\"CHILD_NAME\", childData.name)"],"id":"76cb7ab3-3dd6-4a45-ab01-5c46491bb39b"}}],"id":"16e143b1-723a-49d8-9bd2-f50a8ada5a2b","protocolProfileBehavior":{"disableBodyPruning":true},"request":{"method":"POST","header":[{"key":"Authorization","value":"{{TOKEN}}","type":"text"}],"body":{"mode":"formdata","formdata":[{"key":"name","value":"test child 3","type":"text"},{"key":"date_of_birth","value":"2017-08-01","type":"text"},{"key":"gender","value":"male","type":"text"},{"key":"class_applying_for","value":"2","type":"text"},{"key":"user","value":"{{PARENT_ID}}","type":"text"}]},"url":{"raw":"{{url}}/api/v1/childs/","host":["{{url}}"],"path":["api","v1","childs",""]}},"response":[]},{"name":"Update child","event":[{"listen":"test","script":{"type":"text/javascript","exec":["childData = JSON.parse(responseBody)\r","pm.test(\"Status code is 200\", function () {\r","    pm.response.to.have.status(200);\r","});\r","\r","// pm.environment.set(\"CHILD_ID\", childData.id.toString())"],"id":"892ea156-3d03-4409-9edf-d2ccb9c5c129"}}],"id":"d4235130-1c97-497a-ad54-e82a9912070d","protocolProfileBehavior":{"disableBodyPruning":true},"request":{"method":"PATCH","header":[{"key":"Authorization","value":"{{TOKEN}}","type":"text"}],"body":{"mode":"formdata","formdata":[{"key":"name","value":"test child 2","type":"text"},{"key":"date_of_birth","value":"2017-08-01","type":"text"},{"key":"gender","value":"male","type":"text"},{"key":"class_applying_for","value":"2","type":"text"},{"key":"user","value":"{{PARENT_ID}}","type":"text"}]},"url":{"raw":"{{url}}/api/v1/childs/{{CHILD_ID}}/","host":["{{url}}"],"path":["api","v1","childs","{{CHILD_ID}}",""]}},"response":[]},{"name":"update current child","event":[{"listen":"test","script":{"type":"text/javascript","exec":["loginData = JSON.parse(responseBody)\r","pm.test(\"Status code is 200\", function () {\r","    pm.response.to.have.status(200);\r","});"],"id":"c2bcd823-525b-4919-b654-0edb584da7da"}}],"id":"23315022-afd7-4071-b5c1-eea860b8bb28","protocolProfileBehavior":{"disableBodyPruning":true},"request":{"method":"PATCH","header":[{"key":"Authorization","value":"{{TOKEN}}","type":"text"}],"body":{"mode":"raw","raw":"{\r\n    \"current_child\": {{CHILD_ID}}\r\n}","options":{"raw":{"language":"json"}}},"url":{"raw":"{{url}}/api/v1/accounts/","host":["{{url}}"],"path":["api","v1","accounts",""]}},"response":[]}],"id":"2d1c7140-51df-4bfb-b392-17137fe4db95"},{"name":"cart","item":[{"name":"Add item in cart","event":[{"listen":"test","script":{"type":"text/javascript","exec":["cartData = JSON.parse(responseBody)\r","pm.test(\"Status code is 201\", function () {\r","    pm.response.to.have.status(201);\r","});\r","\r","pm.environment.set(\"CART_ID\", cartData.id)"],"id":"8484b303-2d72-4152-8eab-fbfb031260b9"}}],"id":"cf9848af-3c10-4012-897d-4eda6973d28b","protocolProfileBehavior":{"disableBodyPruning":true},"request":{"method":"POST","header":[{"key":"Authorization","value":"{{TOKEN}}","type":"text"}],"body":{"mode":"raw","raw":"{\"child\":{{CHILD_ID}},\"school\":4431,\"session\":\"2022-2023\"}","options":{"raw":{"language":"json"}}},"url":{"raw":"{{url}}/api/v1/admission-forms/cart/?ad_value=","host":["{{url}}"],"path":["api","v1","admission-forms","cart",""],"query":[{"key":"ad_value","value":""}]}},"response":[]},{"name":"Get Common form ID","event":[{"listen":"test","script":{"type":"text/javascript","exec":["Data = JSON.parse(responseBody)\r","pm.test(\"Status code is 200\", function () {\r","    pm.response.to.have.status(200);\r","});\r","commonRegistrationFormId = Data[\"results\"][0][\"id\"]\r","console.log(\"data----------->\", commonRegistrationFormId)\r","pm.environment.set(\"COMMON_FORM_ID\", commonRegistrationFormId)"],"id":"13faf299-9361-421b-a7b5-f13ad38e0463"}}],"id":"f92c7e7e-6de9-4b31-9d29-559518a1c0c0","protocolProfileBehavior":{"disableBodyPruning":true},"request":{"method":"GET","header":[{"key":"Authorization","value":"{{TOKEN}}","type":"text"}],"url":{"raw":"{{url}}/api/v1/admission-forms/?child={{CHILD_ID}}","host":["{{url}}"],"path":["api","v1","admission-forms",""],"query":[{"key":"child","value":"{{CHILD_ID}}"}]}},"response":[]},{"name":"form fill maxfort Applicant","event":[{"listen":"test","script":{"type":"text/javascript","exec":["cartData = JSON.parse(responseBody)\r","pm.test(\"Status code is 200\", function () {\r","    pm.response.to.have.status(200);\r","});\r","\r",""],"id":"67cd7393-efd9-400b-9639-c2e536fef007"}}],"id":"c1da1307-7056-40fa-ad6e-cf05d8d08be0","protocolProfileBehavior":{"disableBodyPruning":true},"request":{"method":"PATCH","header":[{"key":"Authorization","value":"{{TOKEN}}","type":"text"}],"body":{"mode":"formdata","formdata":[{"key":"nationality","value":"Indian","type":"text"},{"key":"religion","value":"Hinduism","type":"text"},{"key":"blood_group","value":"O+","type":"text"},{"key":"aadhaar_number","value":"1111","type":"text"}]},"url":{"raw":"{{url}}/api/v1/childs/{{CHILD_ID}}/","host":["{{url}}"],"path":["api","v1","childs","{{CHILD_ID}}",""]}},"response":[]},{"name":"form fill maxfort Applicant other details Copy","event":[{"listen":"test","script":{"type":"text/javascript","exec":["cartData = JSON.parse(responseBody)\r","pm.test(\"Status code is 200\", function () {\r","    pm.response.to.have.status(200);\r","});\r","\r",""],"id":"b3abb1e9-0f3d-4a31-af7c-b271d0d6013c"}}],"id":"2fecebab-aff4-4609-a546-3e9fdd351fbe","protocolProfileBehavior":{"disableBodyPruning":true},"request":{"method":"PATCH","header":[{"key":"Authorization","value":"{{TOKEN}}","type":"text"}],"body":{"mode":"raw","raw":"{\r\n    \"mother_tongue\": \"Hindi\",\r\n    \"short_address\": \"1\",\r\n    \"street_address\": \"shahdara\",\r\n    \"pincode\": \"110093\",\r\n    \"city\": \"Delhi\",\r\n    \"state\": \"Delhi\",\r\n    \"country\": \"India\",\r\n    \"last_school_name\": \"past\",\r\n    \"last_school_address\": \"past\",\r\n    \"last_school_class\": \"1\",\r\n    \"last_school_board\": \"1\",\r\n    \"last_school_result_percentage\": \"80\",\r\n    \"transfer_date\": \"2022-07-15\",\r\n    \"transfer_number\": \"1\",\r\n    \"reason_of_leaving\": \"past\",\r\n    \"child\": {{CHILD_ID}},\r\n    \"longitude_secondary\": 77.2944111,\r\n    \"latitude_secondary\": 28.6834087,\r\n    \"longitude\": 77.2944111,\r\n    \"latitude\": 28.6834087\r\n}","options":{"raw":{"language":"json"}}},"url":{"raw":"{{url}}/api/v1/admission-forms/{{COMMON_FORM_ID}}/","host":["{{url}}"],"path":["api","v1","admission-forms","{{COMMON_FORM_ID}}",""]}},"response":[]},{"name":"form fill maxfort Add father","event":[{"listen":"test","script":{"type":"text/javascript","exec":["Data = JSON.parse(responseBody)\r","pm.test(\"Status code is 201\", function () {\r","    pm.response.to.have.status(201);\r","});\r","\r","pm.environment.set(\"FATHER_ID\", Data.id)"],"id":"8f20335c-e6c2-40a1-bba7-a39753171718"}}],"id":"96b68f3e-37d7-4d58-91a7-0a4a147e5895","protocolProfileBehavior":{"disableBodyPruning":true},"request":{"method":"POST","header":[{"key":"Authorization","value":"{{TOKEN}}","type":"text"}],"body":{"mode":"formdata","formdata":[{"key":"name","value":"pappa","type":"text"},{"key":"phone","value":"{{PHONE}}","type":"text"},{"key":"email","value":"{{PARENT_EMAIL}}","type":"text"},{"key":"date_of_birth","value":"2022-08-11","type":"text"},{"key":"education","value":"Other","type":"text"},{"key":"college_name","value":"kuch bhi","type":"text"},{"key":"course_name","value":"sab chale hai","type":"text"},{"key":"occupation","value":"NIL","type":"text"},{"key":"designation","value":"SDE","type":"text"},{"key":"companyname","value":"cmpny","type":"text"},{"key":"office_address","value":"kahi bhi","type":"text"},{"key":"office_number","value":"{{PHONE}}","type":"text"},{"key":"income","value":"10000","type":"text"},{"key":"parent_type","value":"father","type":"text"},{"key":"gender","value":"male","type":"text"},{"key":"bio","value":"No bio","type":"text"},{"key":"user","value":"{{PARENT_ID}}","type":"text"}]},"url":{"raw":"{{url}}/api/v1/parents/parent-add/","host":["{{url}}"],"path":["api","v1","parents","parent-add",""]}},"response":[]},{"name":"form fill maxfort attach Father in common","event":[{"listen":"test","script":{"type":"text/javascript","exec":["cartData = JSON.parse(responseBody)\r","pm.test(\"Status code is 200\", function () {\r","    pm.response.to.have.status(200);\r","});\r","\r",""],"id":"2e3ad75e-cebb-4a75-a4e3-14483363bd55"}}],"id":"c3963e0e-91d2-45fc-9515-6e0fb842f8a0","protocolProfileBehavior":{"disableBodyPruning":true},"request":{"method":"PATCH","header":[{"key":"Authorization","value":"{{TOKEN}}","type":"text"}],"body":{"mode":"formdata","formdata":[{"key":"father","value":"{{FATHER_ID}}","type":"text"}]},"url":{"raw":"{{url}}/api/v1/admission-forms/{{COMMON_FORM_ID}}/","host":["{{url}}"],"path":["api","v1","admission-forms","{{COMMON_FORM_ID}}",""]}},"response":[]},{"name":"form fill maxfort Add Mother Copy","event":[{"listen":"test","script":{"type":"text/javascript","exec":["Data = JSON.parse(responseBody)\r","pm.test(\"Status code is 201\", function () {\r","    pm.response.to.have.status(201);\r","});\r","\r","pm.environment.set(\"MOTHER_ID\", Data.id)"],"id":"55a6c016-a219-41c1-83ac-d1d2ed1a3285"}}],"id":"784dc495-dabe-4622-829e-42891a7db8ec","protocolProfileBehavior":{"disableBodyPruning":true},"request":{"method":"POST","header":[{"key":"Authorization","value":"{{TOKEN}}","type":"text"}],"body":{"mode":"formdata","formdata":[{"key":"name","value":"Maa","type":"text"},{"key":"phone","value":"{{PHONE}}","type":"text"},{"key":"email","value":"{{PARENT_EMAIL}}","type":"text"},{"key":"date_of_birth","value":"2022-08-11","type":"text"},{"key":"education","value":"Other","type":"text"},{"key":"college_name","value":"kuch bhi","type":"text"},{"key":"course_name","value":"sab chale hai","type":"text"},{"key":"occupation","value":"NIL","type":"text"},{"key":"designation","value":"SDE","type":"text"},{"key":"companyname","value":"cmpny","type":"text"},{"key":"office_address","value":"kahi bhi","type":"text"},{"key":"office_number","value":"{{PHONE}}","type":"text"},{"key":"income","value":"10000","type":"text"},{"key":"parent_type","value":"mother","type":"text"},{"key":"gender","value":"female","type":"text"},{"key":"bio","value":"No bio","type":"text"},{"key":"user","value":"{{PARENT_ID}}","type":"text"}]},"url":{"raw":"{{url}}/api/v1/parents/parent-add/","host":["{{url}}"],"path":["api","v1","parents","parent-add",""]}},"response":[]},{"name":"form fill maxfort attach Mother in common Copy","event":[{"listen":"test","script":{"type":"text/javascript","exec":["cartData = JSON.parse(responseBody)\r","pm.test(\"Status code is 200\", function () {\r","    pm.response.to.have.status(200);\r","});\r","\r",""],"id":"152d6037-2d11-4707-8a48-b9c552858a3f"}}],"id":"c4a6d27d-3bd7-40f7-bf4f-cba2b36cf545","protocolProfileBehavior":{"disableBodyPruning":true},"request":{"method":"PATCH","header":[{"key":"Authorization","value":"{{TOKEN}}","type":"text"}],"body":{"mode":"formdata","formdata":[{"key":"mother","value":"{{MOTHER_ID}}","type":"text"}]},"url":{"raw":"{{url}}/api/v1/admission-forms/{{COMMON_FORM_ID}}/","host":["{{url}}"],"path":["api","v1","admission-forms","{{COMMON_FORM_ID}}",""]}},"response":[]},{"name":"Delete cart item","event":[{"listen":"test","script":{"type":"text/javascript","exec":["// childData = JSON.parse(responseBody)\r","pm.test(\"Status code is 204\", function () {\r","    pm.response.to.have.status(204);\r","});\r","\r",""],"id":"d07e72b2-c1a0-44f0-a8a4-3d224637fd38"}}],"id":"a460e501-1e76-42be-8508-49b071f9de5a","protocolProfileBehavior":{"disableBodyPruning":true},"request":{"method":"DELETE","header":[{"key":"Authorization","value":"{{TOKEN}}","type":"text"}],"url":{"raw":"{{url}}/api/v1/admission-forms/cart/{{CART_ID}}/","host":["{{url}}"],"path":["api","v1","admission-forms","cart","{{CART_ID}}",""]}},"response":[]}],"id":"f18ae7b8-94cb-49b2-9d0c-579b5a32d267"},{"name":"Enquiry from explore page","item":[{"name":"Maxfort school cambridge enquiry","event":[{"listen":"test","script":{"type":"text/javascript","exec":["Data = JSON.parse(responseBody)\r","pm.test(\"Status code is 200\", function () {\r","    pm.response.to.have.status(200);\r","});\r","\r","pm.environment.set(\"ENQUIRY_ID\", Data.id)"],"id":"1571c7c1-6e1d-4562-9bb8-b3b7b9db130f"}}],"id":"a04154d5-df4f-4ec9-87c8-2bff23315566","protocolProfileBehavior":{"disableBodyPruning":true},"request":{"method":"POST","header":[{"key":"Authorization","value":"{{TOKEN}}","type":"text"}],"body":{"mode":"raw","raw":"{\"parent_name\":\"{{NAME}}\",\"phone_no\":{{PHONE}},\"email\":\"{{PARENT_EMAIL}}\",\"query\":\"yo test\",\"class_relation\":{{CHILD_CLASS}}}","options":{"raw":{"language":"json"}}},"url":{"raw":"{{url}}/api/v2/schools/maxfort-school-cambridge/enquiry/?source=School%20Card&ad_value=&from_value=butto","host":["{{url}}"],"path":["api","v2","schools","maxfort-school-cambridge","enquiry",""],"query":[{"key":"source","value":"School%20Card"},{"key":"ad_value","value":""},{"key":"from_value","value":"butto"}]}},"response":[]},{"name":"Maxfort school cambridge enquiry budget","event":[{"listen":"test","script":{"type":"text/javascript","exec":["Data = JSON.parse(responseBody)\r","pm.test(\"Status code is 200\", function () {\r","    pm.response.to.have.status(200);\r","});"],"id":"4f2c731d-9acd-49a0-a422-d19101728d01"}}],"id":"443ed172-8cd4-4a58-b76d-09975336305a","protocolProfileBehavior":{"disableBodyPruning":true},"request":{"method":"POST","header":[{"key":"Authorization","value":"{{TOKEN}}","type":"text"}],"body":{"mode":"raw","raw":"{\"monthly_budget\":\"Below 3,000\",\"street_address\":\"\",\"city\":\"\",\"state\":\"\",\"pincode\":\"\",\"country\":\"\",\"region\":null}","options":{"raw":{"language":"json"}}},"url":{"raw":"{{url}}/api/v1/parents/address/","host":["{{url}}"],"path":["api","v1","parents","address",""]}},"response":[]},{"name":"Maxfort school cambridge enquiry + visit scheduled","event":[{"listen":"test","script":{"type":"text/javascript","exec":["Data = JSON.parse(responseBody)\r","pm.test(\"Status code is 200\", function () {\r","    pm.response.to.have.status(200);\r","});\r","pm.environment.set(\"ENQUIRY_ID\", Data.id)"],"id":"826d565f-d6d7-4bf1-87b6-a0a621ebe28e"}}],"id":"830bdcf1-463c-45cf-96aa-fad117013bff","protocolProfileBehavior":{"disableBodyPruning":true},"request":{"method":"POST","header":[{"key":"Authorization","value":"{{TOKEN}}","type":"text"}],"body":{"mode":"raw","raw":"{\"parent_name\":\"{{NAME}}\",\"phone_no\":{{PHONE}},\"email\":\"{{PARENT_EMAIL}}\",\"query\":\"yo test\",\"class_relation\":{{CHILD_CLASS}}}\r\n","options":{"raw":{"language":"json"}}},"url":{"raw":"{{url}}/api/v2/schools/maxfort-school-cambridge/enquiry/?source=School%20Card&ad_value=&from_value=tick","host":["{{url}}"],"path":["api","v2","schools","maxfort-school-cambridge","enquiry",""],"query":[{"key":"source","value":"School%20Card"},{"key":"ad_value","value":""},{"key":"from_value","value":"tick"}]}},"response":[]},{"name":"Maxfort school cambridge enquiry + visit scheduled OTP","event":[{"listen":"test","script":{"type":"text/javascript","exec":["Data = JSON.parse(responseBody)\r","pm.test(\"Status code is 200\", function () {\r","    pm.response.to.have.status(200);\r","});\r","\r",""],"id":"94c93c61-d0f8-40a6-bd8b-8eeddbd070d1"}}],"id":"36084055-8073-49b7-8804-ab4f8840f227","protocolProfileBehavior":{"disableBodyPruning":true},"request":{"method":"PATCH","header":[{"key":"Authorization","value":"{{TOKEN}}","type":"text"}],"body":{"mode":"raw","raw":"{\"child_name\":\"{{CHILD_NAME}}\",\"tentative_date_of_visit\":\"2023-08-23\"}","options":{"raw":{"language":"json"}}},"url":{"raw":"{{url}}/api/v2/schools/maxfort-school-cambridge/enquiry/?id={{ENQUIRY_ID}}","host":["{{url}}"],"path":["api","v2","schools","maxfort-school-cambridge","enquiry",""],"query":[{"key":"id","value":"{{ENQUIRY_ID}}"}]}},"response":[]}],"id":"291a63a9-45f8-4c92-b013-5b305116084f"}],"id":"56162e45-b1cc-4611-bd6e-5325b49d945a","auth":{"type":"noauth"},"event":[{"listen":"prerequest","script":{"id":"ae60d10b-9643-4659-b8ff-3720244d3250","type":"text/javascript","exec":[""]}},{"listen":"test","script":{"id":"25d84078-2b62-4329-b9d0-ad316a460869","type":"text/javascript","exec":[""]}}]}],"event":[{"listen":"prerequest","script":{"id":"0ab68ab3-e8a2-42a7-b087-a354406f3775","type":"text/javascript","exec":[""]}},{"listen":"test","script":{"id":"3c15b6d3-53f1-4caa-ae07-73256d7b6f29","type":"text/javascript","exec":[""]}}],"variable":[{"id":"555515c4-f04d-4f6c-b75e-93956a70e4b9","key":"url","value":"","type":"string"},{"id":"7b51537f-b299-4c83-b756-698baccb48c4","key":"PARENT_EMAIL","value":"","type":"string"}]}