{"info":{"_postman_id":"39fbea9c-e1b4-4397-95c8-1c8e3a3259c6","name":"Library Management System","description":"To run this test, set \"url\" with your \"serverid:port\" inside your environment variable\n\nIn my case url = \"http://localhost:8000\"","schema":"https://schema.getpostman.com/json/collection/v2.1.0/collection.json"},"item":[{"name":"login","event":[{"listen":"test","script":{"id":"35e7bb4d-7b9f-4de3-b3ee-a90517fa2076","exec":["loginData = JSON.parse(responseBody)","token = loginData.token","pm.environment.set(\"TOKEN\",\"Token \"+ token)"],"type":"text/javascript"}}],"id":"3f210744-c0bd-43cb-9c5a-bce916d71266","protocolProfileBehavior":{"disableBodyPruning":true},"request":{"method":"POST","header":[],"body":{"mode":"raw","raw":"{\n    \"email\":\"suraj@gmail.com\",\n    \"password\":\"Admin@123\"\n}","options":{"raw":{"language":"json"}}},"url":{"raw":"{{url}}/login/","host":["{{url}}"],"path":["login",""]},"description":"Admin can login using this API, just by passing email and password."},"response":[]},{"name":"Create Book","event":[{"listen":"test","script":{"id":"b5cb3516-f7c0-4a94-8ab1-8611eee6eeac","exec":["pm.test(\"Status code is 200\", function () {","    pm.response.to.have.status(200);","});","","book = JSON.parse(responseBody)","book_id = book.book_id","pm.environment.set(\"BOOK_ID\", book_id)"],"type":"text/javascript"}}],"id":"95d786d7-c1e7-4a09-986e-49e9ba6c5b41","protocolProfileBehavior":{"disableBodyPruning":true},"request":{"method":"POST","header":[{"key":"Content-Type","value":"application/json","type":"text"},{"key":"Authorization","value":"{{TOKEN}}","type":"text"}],"body":{"mode":"raw","raw":"{\n    \"author\": \"Human\",\n    \"title\": \"The Power of Now\",\n    \"available_copies\": 20,\n    \"total_copies\": 20,\n    \"summary\": \"The powerful take out of this book is that we waste huge amounts of energy in guilt, regret and pain etc. focusing on the past; as well as worry and uncertainty about the future.\\r\\n\\r\\nWhereas if you build the habit of focusing on the NOW, you will find effortless joy and natural energy.\\r\\nCool. (Btw, the working title was ‘Freedom from time’. Not quite as good!)\",\n    \"book_thumbnail\": \"https://pngimg.com/uploads/book/book_PNG2111.png\"\n}","options":{"raw":{"language":"json"}}},"url":{"raw":"{{url}}/book/","host":["{{url}}"],"path":["book",""]},"description":"Admin can create a book:\n\nfollowing fields are in the model that admin can add at the time of creating a book record.\n\ntitle, author, total_copies, available_copies, summary, book_thumbnail"},"response":[]},{"name":"upload photo for book","event":[{"listen":"test","script":{"id":"d7612593-6523-4f8c-aed6-84f256b50a99","exec":["pm.test(\"Status code is 200\", function () {","    pm.response.to.have.status(200);","});","","book = JSON.parse(responseBody)","book_id = book.book_id","pm.environment.set(\"BOOK_ID\", book_id)"],"type":"text/javascript"}}],"id":"7138bde6-17f0-4ddc-86ff-cad1a7fbc098","protocolProfileBehavior":{"disableBodyPruning":true},"request":{"method":"POST","header":[{"key":"Content-Type","value":"application/json","type":"text"},{"key":"Authorization","value":"{{TOKEN}}","type":"text"}],"body":{"mode":"formdata","formdata":[{"key":"file","type":"file","src":"/home/delta/Videos/Young-student.jpg"}]},"url":{"raw":"{{url}}/file_upload/?book_id={{BOOK_ID}}&doc_type=book","host":["{{url}}"],"path":["file_upload",""],"query":[{"key":"book_id","value":"{{BOOK_ID}}"},{"key":"doc_type","value":"book"}]},"description":"Admin can create a book:\n\nfor adding photos for book or profile photo for student, we can upload its photo by using this API.\n\nparameters:\n\ndoc_type = \"book\" or \"profile_photo\"\n\nstudent_id\n\nbook_id\n\neg: for book -- > /file_upload/?book_id={{book_id}}&doc_type=book\n\nfor student -- > /file_upload/?student_id={{student_id}}&doc_type=profile_photo"},"response":[]},{"name":"Get all books","event":[{"listen":"test","script":{"id":"62d0950a-71f9-4f8d-9d39-93f221690c86","exec":["pm.test(\"Status code is 200\", function () {","    pm.response.to.have.status(200);","});","","// book = JSON.parse(responseBody)","// console.log(book)","// book_id = book[0].book_id","// pm.environment.set(\"BOOK_ID\", book_id);"],"type":"text/javascript"}}],"id":"0685d66c-017c-4cb3-b75d-15dad53852ba","protocolProfileBehavior":{"disableBodyPruning":true},"request":{"method":"GET","header":[{"key":"Content-Type","value":"application/json","type":"text"},{"key":"Authorization","value":"{{TOKEN}}","type":"text"}],"url":{"raw":"{{url}}/user/book/","host":["{{url}}"],"path":["user","book",""]},"description":"`This will give admin, all books list.`"},"response":[]},{"name":"Get all borrower list","event":[{"listen":"test","script":{"id":"7c17bd3b-8289-4f84-abae-6e96dfff24d3","exec":["pm.test(\"Status code is 200\", function () {","    pm.response.to.have.status(200);","});","","book = JSON.parse(responseBody)","console.log(book)","book_id = book[0].book_id","pm.environment.set(\"BOOK_ID\", book_id);"],"type":"text/javascript"}}],"id":"d2c6a65b-632d-4427-aeb2-9cbdb948cba2","protocolProfileBehavior":{"disableBodyPruning":true},"request":{"method":"GET","header":[{"key":"Content-Type","value":"application/json","type":"text"},{"key":"Authorization","value":"{{TOKEN}}","type":"text"}],"url":{"raw":"{{url}}/book/","host":["{{url}}"],"path":["book",""]},"description":"This will give admin the whole students list whoever borrowed book."},"response":[]},{"name":"Get all student list","event":[{"listen":"test","script":{"id":"ac3f35be-bf13-4f04-9c46-843d947533ce","exec":["pm.test(\"Status code is 200\", function () {","    pm.response.to.have.status(200);","});","","stu = JSON.parse(responseBody)","student_id = stu[0].student_id","pm.environment.set(\"STUDENT_ID\", student_id);"],"type":"text/javascript"}}],"id":"01d27f6a-a2fb-49d1-9f80-aafe5a1aebd8","protocolProfileBehavior":{"disableBodyPruning":true},"request":{"method":"GET","header":[{"key":"Content-Type","value":"application/json","type":"text"},{"key":"Authorization","value":"{{TOKEN}}","type":"text"}],"url":{"raw":"{{url}}/student/","host":["{{url}}"],"path":["student",""]},"description":"Admin can view all student list with their branches.\n\nFields:\n\nuser - \"FK to User table\"\n\nroll_no\n\nbranch_name\n\ntotal_due_books - no of books student had borrowed\n\nprofile - photo"},"response":[]},{"name":"Get all public books Copy","event":[{"listen":"test","script":{"id":"34082fb1-a852-420e-b5ba-33185709a1eb","exec":["pm.test(\"Status code is 200\", function () {","    pm.response.to.have.status(200);","});"],"type":"text/javascript"}}],"id":"11621f96-55c4-46ca-bca7-915f094ecfbc","protocolProfileBehavior":{"disableBodyPruning":true},"request":{"auth":{"type":"noauth"},"method":"GET","header":[{"key":"Content-Type","value":"application/json","type":"text"},{"key":"Authorization","value":"{{TOKEN}}","type":"text","disabled":true}],"url":{"raw":"{{url}}/public-books/","host":["{{url}}"],"path":["public-books",""]},"description":"List of all books available for the students."},"response":[]},{"name":"Get book","event":[{"listen":"test","script":{"id":"6e20d132-6c3a-468c-a7a3-108a680996e4","exec":["pm.test(\"Status code is 200\", function () {","    pm.response.to.have.status(200);","});",""],"type":"text/javascript"}}],"id":"97552ca6-2884-4690-8b41-fc0c14faf54f","protocolProfileBehavior":{"disableBodyPruning":true},"request":{"method":"GET","header":[{"key":"Content-Type","value":"application/json","type":"text"},{"key":"Authorization","value":"{{TOKEN}}","type":"text"}],"url":{"raw":"{{url}}/book/{{BOOK_ID}}","host":["{{url}}"],"path":["book","{{BOOK_ID}}"]},"description":"admin can get a single book by passing book_id after book in the endpoint.\n\neg: {{url}}/book/{{book_id}}/"},"response":[]},{"name":"Delete Book","event":[{"listen":"test","script":{"id":"02656b55-e25d-473e-b1c4-a44dd1c34275","exec":["pm.test(\"Status code is 200\", function () {","    pm.response.to.have.status(200);","});",""],"type":"text/javascript"}}],"id":"09193d88-8ef8-4d33-aaca-71ccdcbc6ab6","protocolProfileBehavior":{"disableBodyPruning":true},"request":{"method":"DELETE","header":[{"key":"Content-Type","value":"application/json","type":"text"},{"key":"Authorization","value":"{{TOKEN}}","type":"text"}],"url":{"raw":"{{url}}/book/{{BOOK_ID}}","host":["{{url}}"],"path":["book","{{BOOK_ID}}"]},"description":"Admin can delete the book record whichever they want, by passing book_id in the endpoint.\n\nHere we are using soft delete logic, as we are not deleting the record permanently. just making a variable value to false and while fetching record we'll filtering those records whose \"is_deleted\" = false."},"response":[]},{"name":"logout","event":[{"listen":"test","script":{"id":"cb48e11c-8b9e-48b0-86b1-cccaec51fe1e","exec":["pm.test(\"Status code is 200\", function () {","    pm.response.to.have.status(200);","});",""],"type":"text/javascript"}}],"id":"323b67df-c00a-4215-999b-dd46a767a191","protocolProfileBehavior":{"disableBodyPruning":true},"request":{"method":"POST","header":[{"key":"Content-Type","value":"application/json","type":"text"},{"key":"Authorization","value":"{{TOKEN}}","type":"text"}],"url":{"raw":"{{url}}/logout/","host":["{{url}}"],"path":["logout",""]},"description":"This API is for logging out. once logout token gets expire and it will not be used again."},"response":[]}],"event":[{"listen":"prerequest","script":{"id":"ca63e84f-ed34-4de4-aec5-8b6ee5e247e2","type":"text/javascript","exec":[""]}},{"listen":"test","script":{"id":"03cbec61-1ce1-402d-bf39-64690519c305","type":"text/javascript","exec":[""]}}],"variable":[{"id":"0912ff74-5863-45c1-89c9-7ea30c5d0b26","key":"url","value":"","type":"string"}]}