{"info":{"_postman_id":"60c99206-3cf9-49a4-bb53-cc1179c6ee6e","name":"Ezyschooling","schema":"https://schema.getpostman.com/json/collection/v2.1.0/collection.json"},"item":[{"name":"Explore school","id":"e86e5336-763e-4e67-a1f3-fc073954c397","protocolProfileBehavior":{"disableBodyPruning":true},"request":{"method":"GET","header":[],"url":{"raw":"{{url}}/api/v1/schools/document/?limit=16&active=true&verified=true&offset=0&school_city=delhi&ordering=-global_rank&ordering=-region_rank&ordering=-collab&ordering=-admissionclasses_open_count&ordering=-total_views","host":["{{url}}"],"path":["api","v1","schools","document",""],"query":[{"key":"limit","value":"16"},{"key":"active","value":"true"},{"key":"verified","value":"true"},{"key":"offset","value":"0"},{"key":"school_city","value":"delhi"},{"key":"ordering","value":"-global_rank"},{"key":"ordering","value":"-region_rank"},{"key":"ordering","value":"-collab"},{"key":"ordering","value":"-admissionclasses_open_count"},{"key":"ordering","value":"-total_views"}]}},"response":[]}]}