{"info":{"_postman_id":"62da941d-feef-4ebb-8e4f-5e2bbcb874a9","name":"Ezy test server","schema":"https://schema.getpostman.com/json/collection/v2.1.0/collection.json"},"item":[{"name":"Parent","item":[{"name":"user register","item":[{"name":"register","event":[{"listen":"test","script":{"id":"1672e888-60c2-45a9-8ba6-89db074ba4e7","exec":["loginData = JSON.parse(responseBody)\r","pm.test(\"Status code is 201\", function () {\r","    pm.response.to.have.status(201);\r","});\r","token = loginData.key\r","console.log(\"token-------------->\", token)\r","pm.environment.set(\"TOKEN\",\"Token \"+ token);\r","var reqdata = JSON.parse(request.data);\r","console.log(\"asa\",reqdata[\"email\"])\r","pm.environment.set(\"PASSWORD\", reqdata[\"password1\"]);\r","pm.environment.set(\"NAME\", reqdata[\"name\"]);\r","pm.environment.set(\"PHONE\", reqdata[\"phone\"]);"],"type":"text/javascript"}},{"listen":"prerequest","script":{"id":"f224369f-631d-4dd9-9510-0e72312c2f5f","exec":["const d = new Date();\r","let time = d.getTime()\r","// time = time.toString().slice(0,5)\r","// console.log(\"time---->\", time, typeof time, time.toString().slice(0,5))\r","email = \"suraj12911+1@gmail.com\"\r","new_email = email.split(\"@\")[0]+time+\"@\"+email.split(\"@\")[1]\r","console.log(new_email)\r","pm.environment.set(\"PARENT_EMAIL\", new_email);\r","console.log(JSON.parse(request.data));"],"type":"text/javascript"}}],"id":"c076e249-950d-4ff7-b78d-416b80d002ce","protocolProfileBehavior":{"disableBodyPruning":true},"request":{"auth":{"type":"noauth"},"method":"POST","header":[],"body":{"mode":"raw","raw":"{\"email\":\"{{PARENT_EMAIL}}\",\"password1\":\"Suraj@123\",\"name\":\"suraj123test\",\"phone\":8668329719,\"mail_pref\":true,\"whatsapp\":\"yes\",\"ad_source\":\"\"}","options":{"raw":{"language":"json"}}},"url":{"raw":"{{url}}/api/v1/parents/registration/","host":["{{url}}"],"path":["api","v1","parents","registration",""]}},"response":[]},{"name":"Get Parent details","event":[{"listen":"test","script":{"id":"1672e888-60c2-45a9-8ba6-89db074ba4e7","exec":["UserData = JSON.parse(responseBody)\r","pm.test(\"Status code is 200\", function () {\r","    pm.response.to.have.status(200);\r","});\r","\r","pm.environment.set(\"PARENT_ID\",UserData.user);\r",""],"type":"text/javascript"}}],"id":"a5aae90e-c936-4793-84a4-40175c9b78ea","protocolProfileBehavior":{"disableBodyPruning":true},"request":{"auth":{"type":"noauth"},"method":"GET","header":[],"url":{"raw":"{{url}}/api/v1/parents/","host":["{{url}}"],"path":["api","v1","parents",""]}},"response":[]}],"id":"2cdc9cc8-3934-40e6-9aaf-698b5bf300bd"},{"name":"Add Child","item":[{"name":"Add child","event":[{"listen":"test","script":{"id":"1672e888-60c2-45a9-8ba6-89db074ba4e7","exec":["childData = JSON.parse(responseBody)\r","pm.test(\"Status code is 201\", function () {\r","    pm.response.to.have.status(201);\r","});\r","\r","pm.environment.set(\"CHILD_ID\", childData.id.toString())\r","pm.environment.set(\"CHILD_CLASS\", childData.class_applying_for)\r","pm.environment.set(\"CHILD_NAME\", childData.name)"],"type":"text/javascript"}}],"id":"f0527d39-7ff0-49fd-8377-5276299cc653","protocolProfileBehavior":{"disableBodyPruning":true},"request":{"auth":{"type":"noauth"},"method":"POST","header":[{"key":"Authorization","value":"{{TOKEN}}","type":"text"}],"body":{"mode":"formdata","formdata":[{"key":"name","value":"test child 3","type":"text"},{"key":"date_of_birth","value":"2017-08-01","type":"text"},{"key":"gender","value":"male","type":"text"},{"key":"class_applying_for","value":"2","type":"text"},{"key":"user","value":"{{PARENT_ID}}","type":"text"}]},"url":{"raw":"{{url}}/api/v1/childs/","host":["{{url}}"],"path":["api","v1","childs",""]}},"response":[]},{"name":"Update child","event":[{"listen":"test","script":{"id":"1672e888-60c2-45a9-8ba6-89db074ba4e7","exec":["childData = JSON.parse(responseBody)\r","pm.test(\"Status code is 200\", function () {\r","    pm.response.to.have.status(200);\r","});\r","\r","// pm.environment.set(\"CHILD_ID\", childData.id.toString())"],"type":"text/javascript"}}],"id":"bfef4eef-9589-48f0-b435-4d4eee6a0c91","protocolProfileBehavior":{"disableBodyPruning":true},"request":{"auth":{"type":"noauth"},"method":"PATCH","header":[{"key":"Authorization","value":"{{TOKEN}}","type":"text"}],"body":{"mode":"formdata","formdata":[{"key":"name","value":"test child 2","type":"text"},{"key":"date_of_birth","value":"2017-08-01","type":"text"},{"key":"gender","value":"male","type":"text"},{"key":"class_applying_for","value":"2","type":"text"},{"key":"user","value":"{{PARENT_ID}}","type":"text"}]},"url":{"raw":"{{url}}/api/v1/childs/{{CHILD_ID}}/","host":["{{url}}"],"path":["api","v1","childs","{{CHILD_ID}}",""]}},"response":[]},{"name":"update current child","event":[{"listen":"test","script":{"id":"1672e888-60c2-45a9-8ba6-89db074ba4e7","exec":["loginData = JSON.parse(responseBody)\r","pm.test(\"Status code is 200\", function () {\r","    pm.response.to.have.status(200);\r","});"],"type":"text/javascript"}}],"id":"b1453726-6c00-45f3-9e70-5df76984a4fb","protocolProfileBehavior":{"disableBodyPruning":true},"request":{"auth":{"type":"noauth"},"method":"PATCH","header":[{"key":"Authorization","value":"{{TOKEN}}","type":"text"}],"body":{"mode":"raw","raw":"{\r\n    \"current_child\": {{CHILD_ID}}\r\n}","options":{"raw":{"language":"json"}}},"url":{"raw":"{{url}}/api/v1/accounts/","host":["{{url}}"],"path":["api","v1","accounts",""]}},"response":[]}],"id":"0f0c226f-8817-4445-881f-26f90039d80a"},{"name":"Enquiry from explore page","item":[{"name":"Maxfort school cambridge enquiry","event":[{"listen":"test","script":{"id":"6712ac87-8e1e-40bb-93b8-08e1dbbc7ec7","exec":["Data = JSON.parse(responseBody)\r","pm.test(\"Status code is 200\", function () {\r","    pm.response.to.have.status(200);\r","});\r","\r","pm.environment.set(\"ENQUIRY_ID\", Data.id)"],"type":"text/javascript"}}],"id":"1119a35d-f061-4640-bb61-e50b599d5044","protocolProfileBehavior":{"disableBodyPruning":true},"request":{"method":"POST","header":[{"key":"Authorization","value":"{{TOKEN}}","type":"text"}],"body":{"mode":"raw","raw":"{\"parent_name\":\"{{NAME}}\",\"phone_no\":{{PHONE}},\"email\":\"{{PARENT_EMAIL}}\",\"query\":\"yo test\",\"class_relation\":{{CHILD_CLASS}}}","options":{"raw":{"language":"json"}}},"url":{"raw":"{{url}}/api/v2/schools/maxfort-school-cambridge/enquiry/?source=School%20Card&ad_value=&from_value=butto","host":["{{url}}"],"path":["api","v2","schools","maxfort-school-cambridge","enquiry",""],"query":[{"key":"source","value":"School%20Card"},{"key":"ad_value","value":""},{"key":"from_value","value":"butto"}]}},"response":[]},{"name":"Maxfort school cambridge enquiry budget","event":[{"listen":"test","script":{"id":"6712ac87-8e1e-40bb-93b8-08e1dbbc7ec7","exec":["Data = JSON.parse(responseBody)\r","pm.test(\"Status code is 200\", function () {\r","    pm.response.to.have.status(200);\r","});"],"type":"text/javascript"}}],"id":"3e1b8f1c-1d2a-42a5-9c07-7ed2c1c6f61d","protocolProfileBehavior":{"disableBodyPruning":true},"request":{"method":"POST","header":[{"key":"Authorization","value":"{{TOKEN}}","type":"text"}],"body":{"mode":"raw","raw":"{\"monthly_budget\":\"Below 3,000\",\"street_address\":\"\",\"city\":\"\",\"state\":\"\",\"pincode\":\"\",\"country\":\"\",\"region\":null}","options":{"raw":{"language":"json"}}},"url":{"raw":"{{url}}/api/v1/parents/address/","host":["{{url}}"],"path":["api","v1","parents","address",""]}},"response":[]},{"name":"Maxfort school cambridge enquiry + visit scheduled","event":[{"listen":"test","script":{"id":"6712ac87-8e1e-40bb-93b8-08e1dbbc7ec7","exec":["Data = JSON.parse(responseBody)\r","pm.test(\"Status code is 200\", function () {\r","    pm.response.to.have.status(200);\r","});\r","pm.environment.set(\"ENQUIRY_ID\", Data.id)"],"type":"text/javascript"}}],"id":"393103fc-ac22-46c1-b3c7-fa8bde3c955a","protocolProfileBehavior":{"disableBodyPruning":true},"request":{"method":"POST","header":[{"key":"Authorization","value":"{{TOKEN}}","type":"text"}],"body":{"mode":"raw","raw":"{\"parent_name\":\"{{NAME}}\",\"phone_no\":{{PHONE}},\"email\":\"{{PARENT_EMAIL}}\",\"query\":\"yo test\",\"class_relation\":{{CHILD_CLASS}}}\r\n","options":{"raw":{"language":"json"}}},"url":{"raw":"{{url}}/api/v2/schools/maxfort-school-cambridge/enquiry/?source=School%20Card&ad_value=&from_value=tick","host":["{{url}}"],"path":["api","v2","schools","maxfort-school-cambridge","enquiry",""],"query":[{"key":"source","value":"School%20Card"},{"key":"ad_value","value":""},{"key":"from_value","value":"tick"}]}},"response":[]},{"name":"Maxfort school cambridge enquiry + visit scheduled OTP","event":[{"listen":"test","script":{"id":"6712ac87-8e1e-40bb-93b8-08e1dbbc7ec7","exec":["Data = JSON.parse(responseBody)\r","pm.test(\"Status code is 200\", function () {\r","    pm.response.to.have.status(200);\r","});\r","\r",""],"type":"text/javascript"}}],"id":"5a2b9dc5-4937-410e-834d-bce6db9f3113","protocolProfileBehavior":{"disableBodyPruning":true},"request":{"method":"PATCH","header":[{"key":"Authorization","value":"{{TOKEN}}","type":"text"}],"body":{"mode":"raw","raw":"{\"child_name\":\"{{CHILD_NAME}}\",\"tentative_date_of_visit\":\"2023-08-23\"}","options":{"raw":{"language":"json"}}},"url":{"raw":"{{url}}/api/v2/schools/maxfort-school-cambridge/enquiry/?id={{ENQUIRY_ID}}","host":["{{url}}"],"path":["api","v2","schools","maxfort-school-cambridge","enquiry",""],"query":[{"key":"id","value":"{{ENQUIRY_ID}}"}]}},"response":[]}],"id":"bfdb90bc-7d2a-4565-8ec5-1e1d98d06eb4"},{"name":"cart","item":[{"name":"get schools","event":[{"listen":"test","script":{"id":"1672e888-60c2-45a9-8ba6-89db074ba4e7","exec":["cartData = JSON.parse(responseBody)\r","pm.test(\"Status code is 200\", function () {\r","    pm.response.to.have.status(200);\r","});\r","\r","pm.environment.set(\"CART_ID\", cartData.id)\r","pm.environment.set(\"SCHOOL_1_ID\", cartData.results[0].id)\r","pm.environment.set(\"SCHOOL_2_ID\", cartData.results[1].id)"],"type":"text/javascript"}}],"id":"5185bbdc-4eeb-4689-8d2c-f740616d7fa2","protocolProfileBehavior":{"disableBodyPruning":true},"request":{"auth":{"type":"noauth"},"method":"GET","header":[{"key":"Authorization","value":"{{TOKEN}}","type":"text"}],"body":{"mode":"raw","raw":"{\"child\":{{CHILD_ID}},\"school\":4431,\"session\":\"2022-2023\"}","options":{"raw":{"language":"json"}}},"url":{"raw":"{{url}}/api/v1/schools/document/?limit=16&active=true&verified=true&offset=0&school_city=delhi&ordering=-global_rank&ordering=-region_rank&ordering=-collab&ordering=-admissionclasses_open_count&ordering=-total_views","host":["{{url}}"],"path":["api","v1","schools","document",""],"query":[{"key":"limit","value":"16"},{"key":"active","value":"true"},{"key":"verified","value":"true"},{"key":"offset","value":"0"},{"key":"school_city","value":"delhi"},{"key":"ordering","value":"-global_rank"},{"key":"ordering","value":"-region_rank"},{"key":"ordering","value":"-collab"},{"key":"ordering","value":"-admissionclasses_open_count"},{"key":"ordering","value":"-total_views"}]}},"response":[]},{"name":"Add item in cart MAXFORT Copy","event":[{"listen":"test","script":{"id":"1672e888-60c2-45a9-8ba6-89db074ba4e7","exec":["cartData = JSON.parse(responseBody)\r","pm.test(\"Status code is 201\", function () {\r","    pm.response.to.have.status(201);\r","});\r","\r","pm.environment.set(\"CART_ID\", cartData.id)"],"type":"text/javascript"}}],"id":"39eaf690-9b4e-4561-991d-fdf76ed220bb","protocolProfileBehavior":{"disableBodyPruning":true},"request":{"auth":{"type":"noauth"},"method":"POST","header":[{"key":"Authorization","value":"{{TOKEN}}","type":"text"}],"body":{"mode":"raw","raw":"{\"child\":{{CHILD_ID}},\"school\":4431,\"session\":\"2022-2023\"}","options":{"raw":{"language":"json"}}},"url":{"raw":"{{url}}/api/v1/admission-forms/cart/?ad_value=","host":["{{url}}"],"path":["api","v1","admission-forms","cart",""],"query":[{"key":"ad_value","value":""}]}},"response":[]},{"name":"Add item in cart RICHMOND","event":[{"listen":"test","script":{"id":"1672e888-60c2-45a9-8ba6-89db074ba4e7","exec":["cartData = JSON.parse(responseBody)\r","pm.test(\"Status code is 201\", function () {\r","    pm.response.to.have.status(201);\r","});\r","\r","pm.environment.set(\"CART_ID\", cartData.id)\r","pm.environment.set(\"SCHOOL_SLUG\", cartData.school[\"slug\"])"],"type":"text/javascript"}}],"id":"3ddbff53-61dc-4c19-8617-ffbc92570040","protocolProfileBehavior":{"disableBodyPruning":true},"request":{"auth":{"type":"noauth"},"method":"POST","header":[{"key":"Authorization","value":"{{TOKEN}}","type":"text"}],"body":{"mode":"raw","raw":"{\r\n    \"child\": {{CHILD_ID}},\r\n    \"school\": {{SCHOOL_2_ID}},\r\n    \"session\": \"2022-2023\"\r\n}","options":{"raw":{"language":"json"}}},"url":{"raw":"{{url}}/api/v1/admission-forms/cart/?ad_value=","host":["{{url}}"],"path":["api","v1","admission-forms","cart",""],"query":[{"key":"ad_value","value":""}]}},"response":[]},{"name":"Get Common form ID","event":[{"listen":"test","script":{"id":"1672e888-60c2-45a9-8ba6-89db074ba4e7","exec":["Data = JSON.parse(responseBody)\r","pm.test(\"Status code is 200\", function () {\r","    pm.response.to.have.status(200);\r","});\r","commonRegistrationFormId = Data[\"results\"][0][\"id\"]\r","console.log(\"data----------->\", commonRegistrationFormId)\r","pm.environment.set(\"COMMON_FORM_ID\", commonRegistrationFormId)"],"type":"text/javascript"}}],"id":"512257e5-b149-4805-a419-5474de08c3be","protocolProfileBehavior":{"disableBodyPruning":true},"request":{"auth":{"type":"noauth"},"method":"GET","header":[{"key":"Authorization","value":"{{TOKEN}}","type":"text"}],"url":{"raw":"{{url}}/api/v1/admission-forms/?child={{CHILD_ID}}","host":["{{url}}"],"path":["api","v1","admission-forms",""],"query":[{"key":"child","value":"{{CHILD_ID}}"}]}},"response":[]},{"name":"form fill maxfort Applicant","event":[{"listen":"test","script":{"id":"1672e888-60c2-45a9-8ba6-89db074ba4e7","exec":["cartData = JSON.parse(responseBody)\r","pm.test(\"Status code is 200\", function () {\r","    pm.response.to.have.status(200);\r","});\r","\r",""],"type":"text/javascript"}}],"id":"4dcf3aa1-7f96-4186-87f1-20d870ac03c5","protocolProfileBehavior":{"disableBodyPruning":true},"request":{"auth":{"type":"noauth"},"method":"PATCH","header":[{"key":"Authorization","value":"{{TOKEN}}","type":"text"}],"body":{"mode":"formdata","formdata":[{"key":"nationality","value":"Indian","type":"text"},{"key":"religion","value":"Hinduism","type":"text"},{"key":"blood_group","value":"O+","type":"text"},{"key":"aadhaar_number","value":"1","type":"text"}]},"url":{"raw":"{{url}}/api/v1/childs/{{CHILD_ID}}/","host":["{{url}}"],"path":["api","v1","childs","{{CHILD_ID}}",""]}},"response":[]},{"name":"form fill maxfort Applicant other details Copy","event":[{"listen":"test","script":{"id":"1672e888-60c2-45a9-8ba6-89db074ba4e7","exec":["cartData = JSON.parse(responseBody)\r","pm.test(\"Status code is 200\", function () {\r","    pm.response.to.have.status(200);\r","});\r","\r",""],"type":"text/javascript"}}],"id":"7403a92a-7f36-46ef-b831-2c25cfba50a4","protocolProfileBehavior":{"disableBodyPruning":true},"request":{"auth":{"type":"noauth"},"method":"PATCH","header":[{"key":"Authorization","value":"{{TOKEN}}","type":"text"}],"body":{"mode":"raw","raw":"{\r\n    \"mother_tongue\": \"Hindi\",\r\n    \"short_address\": \"1\",\r\n    \"street_address\": \"shahdara\",\r\n    \"pincode\": \"110093\",\r\n    \"city\": \"Delhi\",\r\n    \"state\": \"Delhi\",\r\n    \"country\": \"India\",\r\n    \"last_school_name\": \"past\",\r\n    \"last_school_address\": \"past\",\r\n    \"last_school_class\": \"1\",\r\n    \"last_school_board\": \"1\",\r\n    \"last_school_result_percentage\": \"80\",\r\n    \"transfer_date\": \"2022-07-15\",\r\n    \"transfer_number\": \"1\",\r\n    \"reason_of_leaving\": \"past\",\r\n    \"child\": {{CHILD_ID}},\r\n    \"longitude_secondary\": 77.2944111,\r\n    \"latitude_secondary\": 28.6834087,\r\n    \"longitude\": 77.2944111,\r\n    \"latitude\": 28.6834087\r\n}","options":{"raw":{"language":"json"}}},"url":{"raw":"{{url}}/api/v1/admission-forms/{{COMMON_FORM_ID}}/","host":["{{url}}"],"path":["api","v1","admission-forms","{{COMMON_FORM_ID}}",""]}},"response":[]},{"name":"form fill maxfort Add father","event":[{"listen":"test","script":{"id":"1672e888-60c2-45a9-8ba6-89db074ba4e7","exec":["Data = JSON.parse(responseBody)\r","pm.test(\"Status code is 201\", function () {\r","    pm.response.to.have.status(201);\r","});\r","\r","pm.environment.set(\"FATHER_ID\", Data.id)\r","pm.environment.set(\"FATHER_SLUG\", Data.slug)"],"type":"text/javascript"}}],"id":"549ac51f-d227-4398-beed-3d97b5730f93","protocolProfileBehavior":{"disableBodyPruning":true},"request":{"auth":{"type":"noauth"},"method":"POST","header":[{"key":"Authorization","value":"{{TOKEN}}","type":"text"}],"body":{"mode":"formdata","formdata":[{"key":"name","value":"pappa","type":"text"},{"key":"phone","value":"{{PHONE}}","type":"text"},{"key":"email","value":"{{PARENT_EMAIL}}","type":"text"},{"key":"date_of_birth","value":"2022-08-11","type":"text"},{"key":"education","value":"Other","type":"text"},{"key":"college_name","value":"kuch bhi","type":"text"},{"key":"course_name","value":"sab chale hai","type":"text"},{"key":"occupation","value":"NIL","type":"text"},{"key":"designation","value":"SDE","type":"text"},{"key":"companyname","value":"cmpny","type":"text"},{"key":"office_address","value":"kahi bhi","type":"text"},{"key":"office_number","value":"{{PHONE}}","type":"text"},{"key":"income","value":"10000","type":"text"},{"key":"parent_type","value":"father","type":"text"},{"key":"gender","value":"male","type":"text"},{"key":"bio","value":"No bio","type":"text"},{"key":"user","value":"{{PARENT_ID}}","type":"text"}]},"url":{"raw":"{{url}}/api/v1/parents/parent-add/","host":["{{url}}"],"path":["api","v1","parents","parent-add",""]}},"response":[]},{"name":"form fill maxfort attach Father in common","event":[{"listen":"test","script":{"id":"1672e888-60c2-45a9-8ba6-89db074ba4e7","exec":["cartData = JSON.parse(responseBody)\r","pm.test(\"Status code is 200\", function () {\r","    pm.response.to.have.status(200);\r","});\r","\r",""],"type":"text/javascript"}}],"id":"41447892-f67d-4ab5-9602-fa129905f2f7","protocolProfileBehavior":{"disableBodyPruning":true},"request":{"auth":{"type":"noauth"},"method":"PATCH","header":[{"key":"Authorization","value":"{{TOKEN}}","type":"text"}],"body":{"mode":"formdata","formdata":[{"key":"father","value":"{{FATHER_ID}}","type":"text"}]},"url":{"raw":"{{url}}/api/v1/admission-forms/{{COMMON_FORM_ID}}/","host":["{{url}}"],"path":["api","v1","admission-forms","{{COMMON_FORM_ID}}",""]}},"response":[]},{"name":"form fill maxfort Add Mother Copy","event":[{"listen":"test","script":{"id":"1672e888-60c2-45a9-8ba6-89db074ba4e7","exec":["Data = JSON.parse(responseBody)\r","pm.test(\"Status code is 201\", function () {\r","    pm.response.to.have.status(201);\r","});\r","\r","pm.environment.set(\"MOTHER_ID\", Data.id)\r","pm.environment.set(\"MOTHER_SLUG\", Data.slug)"],"type":"text/javascript"}}],"id":"16322b0b-9f6c-4335-b9b6-9660da2fa6d6","protocolProfileBehavior":{"disableBodyPruning":true},"request":{"auth":{"type":"noauth"},"method":"POST","header":[{"key":"Authorization","value":"{{TOKEN}}","type":"text"}],"body":{"mode":"formdata","formdata":[{"key":"name","value":"Maa","type":"text"},{"key":"phone","value":"{{PHONE}}","type":"text"},{"key":"email","value":"{{PARENT_EMAIL}}","type":"text"},{"key":"date_of_birth","value":"2022-08-11","type":"text"},{"key":"education","value":"Other","type":"text"},{"key":"college_name","value":"kuch bhi","type":"text"},{"key":"course_name","value":"sab chale hai","type":"text"},{"key":"occupation","value":"NIL","type":"text"},{"key":"designation","value":"SDE","type":"text"},{"key":"companyname","value":"cmpny","type":"text"},{"key":"office_address","value":"kahi bhi","type":"text"},{"key":"office_number","value":"{{PHONE}}","type":"text"},{"key":"income","value":"10000","type":"text"},{"key":"parent_type","value":"mother","type":"text"},{"key":"gender","value":"female","type":"text"},{"key":"bio","value":"No bio","type":"text"},{"key":"user","value":"{{PARENT_ID}}","type":"text"}]},"url":{"raw":"{{url}}/api/v1/parents/parent-add/","host":["{{url}}"],"path":["api","v1","parents","parent-add",""]}},"response":[]},{"name":"form fill maxfort attach Mother in common Copy","event":[{"listen":"test","script":{"id":"1672e888-60c2-45a9-8ba6-89db074ba4e7","exec":["cartData = JSON.parse(responseBody)\r","pm.test(\"Status code is 200\", function () {\r","    pm.response.to.have.status(200);\r","});\r","\r",""],"type":"text/javascript"}}],"id":"37a46082-1f42-45c0-a04f-dc82dd6fce47","protocolProfileBehavior":{"disableBodyPruning":true},"request":{"auth":{"type":"noauth"},"method":"PATCH","header":[{"key":"Authorization","value":"{{TOKEN}}","type":"text"}],"body":{"mode":"formdata","formdata":[{"key":"mother","value":"{{MOTHER_ID}}","type":"text"}]},"url":{"raw":"{{url}}/api/v1/admission-forms/{{COMMON_FORM_ID}}/","host":["{{url}}"],"path":["api","v1","admission-forms","{{COMMON_FORM_ID}}",""]}},"response":[]},{"name":"form fill RICHMOND attach Father in common Copy","event":[{"listen":"test","script":{"id":"1672e888-60c2-45a9-8ba6-89db074ba4e7","exec":["cartData = JSON.parse(responseBody)\r","pm.test(\"Status code is 200\", function () {\r","    pm.response.to.have.status(200);\r","});\r","\r",""],"type":"text/javascript"}}],"id":"62a3244f-a6d9-4b43-bb7a-37d9e57c0d0e","protocolProfileBehavior":{"disableBodyPruning":true},"request":{"auth":{"type":"noauth"},"method":"PATCH","header":[{"key":"Authorization","value":"{{TOKEN}}","type":"text"}],"body":{"mode":"formdata","formdata":[{"key":"street_address","value":"shahdara","type":"text"},{"key":"city","value":"Delhi","type":"text"},{"key":"pincode","value":"110093","type":"text"},{"key":"state","value":"Delhi","type":"text"},{"key":"country","value":"India","type":"text"}]},"url":{"raw":"{{url}}/api/v1/parents/{{FATHER_SLUG}}/","host":["{{url}}"],"path":["api","v1","parents","{{FATHER_SLUG}}",""]}},"response":[]},{"name":"form fill RICHMOND attach Father in common Copy 2","event":[{"listen":"test","script":{"id":"1672e888-60c2-45a9-8ba6-89db074ba4e7","exec":["cartData = JSON.parse(responseBody)\r","pm.test(\"Status code is 200\", function () {\r","    pm.response.to.have.status(200);\r","});\r","\r",""],"type":"text/javascript"}}],"id":"d5486f99-e2b1-4a8c-9c3b-500372cce784","protocolProfileBehavior":{"disableBodyPruning":true},"request":{"auth":{"type":"noauth"},"method":"PATCH","header":[{"key":"Authorization","value":"{{TOKEN}}","type":"text"}],"body":{"mode":"raw","raw":"{\r\n    \"father_type_of_staff_ward\": null,\r\n    \"father_staff_ward_department\": null,\r\n    \"father_staff_ward_tenure\": null,\r\n    \"father_staff_ward_school_name\": null,\r\n    \"id\": {{COMMON_FORM_ID}},\r\n    \"father\": {{FATHER_ID}},\r\n    \"mother\": {{MOTHER_ID}},\r\n    \"guardian\": null,\r\n    \"child\": {{CHILD_ID}},\r\n    \"short_address\": \"1\",\r\n    \"street_address\": \"shahdara\",\r\n    \"city\": \"Delhi\",\r\n    \"state\": \"Delhi\",\r\n    \"pincode\": \"110093\",\r\n    \"country\": \"India\",\r\n    \"latitude\": \"28.6834087000000000\",\r\n    \"longitude\": \"77.2944111000000000\",\r\n    \"latitude_secondary\": \"28.6834087000000000\",\r\n    \"longitude_secondary\": \"77.2944111000000000\",\r\n    \"category\": \"General\",\r\n    \"email\": \"{{PARENT_EMAIL}}\",\r\n    \"phone_no\": {{PHONE}},\r\n    \"single_child\": null,\r\n    \"first_child\": null,\r\n    \"single_parent\": null,\r\n    \"first_girl_child\": null,\r\n    \"staff_ward\": null,\r\n    \"sibling1_alumni_name\": null,\r\n    \"sibling1_alumni_school_name\": null,\r\n    \"sibling2_alumni_name\": null,\r\n    \"sibling2_alumni_school_name\": null,\r\n    \"sibling1_alumni_proof\": null,\r\n    \"sibling2_alumni_proof\": null,\r\n    \"last_school_name\": \"past\",\r\n    \"last_school_board\": 1,\r\n    \"last_school_address\": \"past\",\r\n    \"last_school_class\": 1,\r\n    \"reason_of_leaving\": \"past\",\r\n    \"extra_questions\": null,\r\n    \"last_school_result_percentage\": \"80.000\",\r\n    \"transport_facility_required\": false,\r\n    \"family_photo\": null,\r\n    \"distance_affidavit\": null,\r\n    \"baptism_certificate\": null,\r\n    \"parent_signature_upload\": null,\r\n    \"mother_tongue\": \"Hindi\",\r\n    \"single_parent_proof\": null,\r\n    \"differently_abled_proof\": null,\r\n    \"caste_category_certificate\": null,\r\n    \"is_twins\": null,\r\n    \"second_born_child\": null,\r\n    \"third_born_child\": null,\r\n    \"transfer_number\": \"1\",\r\n    \"transfer_date\": \"2022-07-15\",\r\n    \"lockstatus\": \"\",\r\n    \"timestamp\": \"2022-08-22T16:48:28.192954+05:30\",\r\n    \"session\": \"2022-2023\",\r\n    \"mother_staff_ward_school_name\": null,\r\n    \"mother_staff_ward_department\": null,\r\n    \"mother_type_of_staff_ward\": null,\r\n    \"mother_staff_ward_tenure\": null,\r\n    \"guardian_staff_ward_school_name\": null,\r\n    \"guardian_staff_ward_department\": null,\r\n    \"guardian_type_of_staff_ward\": null,\r\n    \"guardian_staff_ward_tenure\": null\r\n}","options":{"raw":{"language":"json"}}},"url":{"raw":"{{url}}/api/v1/admission-forms/{{COMMON_FORM_ID}}/","host":["{{url}}"],"path":["api","v1","admission-forms","{{COMMON_FORM_ID}}",""]}},"response":[]},{"name":"form fill RICHMOND attach MOTHER in common","event":[{"listen":"test","script":{"id":"1672e888-60c2-45a9-8ba6-89db074ba4e7","exec":["cartData = JSON.parse(responseBody)\r","pm.test(\"Status code is 200\", function () {\r","    pm.response.to.have.status(200);\r","});\r","\r",""],"type":"text/javascript"}}],"id":"76f1a06f-8a30-4bff-bdad-17e0b82bf31e","protocolProfileBehavior":{"disableBodyPruning":true},"request":{"auth":{"type":"noauth"},"method":"PATCH","header":[{"key":"Authorization","value":"{{TOKEN}}","type":"text"}],"body":{"mode":"formdata","formdata":[{"key":"street_address","value":"shahdara","type":"text"},{"key":"city","value":"Delhi","type":"text"},{"key":"pincode","value":"110093","type":"text"},{"key":"state","value":"Delhi","type":"text"},{"key":"country","value":"India","type":"text"}]},"url":{"raw":"{{url}}/api/v1/parents/{{MOTHER_SLUG}}/","host":["{{url}}"],"path":["api","v1","parents","{{MOTHER_SLUG}}",""]}},"response":[]},{"name":"form fill RICHMOND attach MOTHER in common","event":[{"listen":"test","script":{"id":"1672e888-60c2-45a9-8ba6-89db074ba4e7","exec":["cartData = JSON.parse(responseBody)\r","pm.test(\"Status code is 200\", function () {\r","    pm.response.to.have.status(200);\r","});\r","\r",""],"type":"text/javascript"}}],"id":"9757bc04-6ac3-4579-b13b-3ba352f2afc0","protocolProfileBehavior":{"disableBodyPruning":true},"request":{"auth":{"type":"noauth"},"method":"PATCH","header":[{"key":"Authorization","value":"{{TOKEN}}","type":"text"}],"body":{"mode":"raw","raw":"{\r\n    \"father_type_of_staff_ward\": null,\r\n    \"father_staff_ward_department\": null,\r\n    \"father_staff_ward_tenure\": null,\r\n    \"father_staff_ward_school_name\": null,\r\n    \"id\": {{COMMON_FORM_ID}},\r\n    \"father\": {{FATHER_ID}},\r\n    \"mother\": {{MOTHER_ID}},\r\n    \"guardian\": null,\r\n    \"child\": {{CHILD_ID}},\r\n    \"short_address\": \"1\",\r\n    \"street_address\": \"shahdara\",\r\n    \"city\": \"Delhi\",\r\n    \"state\": \"Delhi\",\r\n    \"pincode\": \"110093\",\r\n    \"country\": \"India\",\r\n    \"latitude\": \"28.6834087000000000\",\r\n    \"longitude\": \"77.2944111000000000\",\r\n    \"latitude_secondary\": \"28.6834087000000000\",\r\n    \"longitude_secondary\": \"77.2944111000000000\",\r\n    \"category\": \"General\",\r\n    \"email\": \"{{PARENT_EMAIL}}\",\r\n    \"phone_no\": {{PHONE}},\r\n    \"single_child\": null,\r\n    \"first_child\": null,\r\n    \"single_parent\": null,\r\n    \"first_girl_child\": null,\r\n    \"staff_ward\": null,\r\n    \"sibling1_alumni_name\": null,\r\n    \"sibling1_alumni_school_name\": null,\r\n    \"sibling2_alumni_name\": null,\r\n    \"sibling2_alumni_school_name\": null,\r\n    \"sibling1_alumni_proof\": null,\r\n    \"sibling2_alumni_proof\": null,\r\n    \"last_school_name\": \"past\",\r\n    \"last_school_board\": 1,\r\n    \"last_school_address\": \"past\",\r\n    \"last_school_class\": 1,\r\n    \"reason_of_leaving\": \"past\",\r\n    \"extra_questions\": null,\r\n    \"last_school_result_percentage\": \"80.000\",\r\n    \"transport_facility_required\": false,\r\n    \"family_photo\": null,\r\n    \"distance_affidavit\": null,\r\n    \"baptism_certificate\": null,\r\n    \"parent_signature_upload\": null,\r\n    \"mother_tongue\": \"Hindi\",\r\n    \"single_parent_proof\": null,\r\n    \"differently_abled_proof\": null,\r\n    \"caste_category_certificate\": null,\r\n    \"is_twins\": null,\r\n    \"second_born_child\": null,\r\n    \"third_born_child\": null,\r\n    \"transfer_number\": \"1\",\r\n    \"transfer_date\": \"2022-07-15\",\r\n    \"lockstatus\": \"\",\r\n    \"timestamp\": \"2022-08-22T16:48:28.192954+05:30\",\r\n    \"session\": \"2022-2023\",\r\n    \"mother_staff_ward_school_name\": null,\r\n    \"mother_staff_ward_department\": null,\r\n    \"mother_type_of_staff_ward\": null,\r\n    \"mother_staff_ward_tenure\": null,\r\n    \"guardian_staff_ward_school_name\": null,\r\n    \"guardian_staff_ward_department\": null,\r\n    \"guardian_type_of_staff_ward\": null,\r\n    \"guardian_staff_ward_tenure\": null\r\n}","options":{"raw":{"language":"json"}}},"url":{"raw":"{{url}}/api/v1/admission-forms/{{COMMON_FORM_ID}}/","host":["{{url}}"],"path":["api","v1","admission-forms","{{COMMON_FORM_ID}}",""]}},"response":[]},{"name":"documents child","event":[{"listen":"test","script":{"id":"1672e888-60c2-45a9-8ba6-89db074ba4e7","exec":["Data = JSON.parse(responseBody)\r","pm.test(\"Status code is 200\", function () {\r","    pm.response.to.have.status(200);\r","});\r","\r",""],"type":"text/javascript"}}],"id":"6d386780-d98a-40ff-9557-7b5ded09cd87","protocolProfileBehavior":{"disableBodyPruning":true},"request":{"auth":{"type":"noauth"},"method":"PATCH","header":[{"key":"Authorization","value":"{{TOKEN}}","type":"text"}],"body":{"mode":"formdata","formdata":[{"key":"photo","type":"file","src":"/C:/Users/Suraj Gupta/Pictures/2.jfif"},{"key":"address_proof","type":"file","src":"/C:/Users/Suraj Gupta/Pictures/3.jpg"},{"key":"aadhaar_card_proof","type":"file","src":"/C:/Users/Suraj Gupta/Pictures/1.jfif"},{"key":"birth_certificate","type":"file","src":"/C:/Users/Suraj Gupta/Pictures/4.png"}]},"url":{"raw":"{{url}}/api/v1/childs/{{CHILD_ID}}/","host":["{{url}}"],"path":["api","v1","childs","{{CHILD_ID}}",""]}},"response":[]},{"name":"documents admission forms","event":[{"listen":"test","script":{"id":"1672e888-60c2-45a9-8ba6-89db074ba4e7","exec":["Data = JSON.parse(responseBody)\r","pm.test(\"Status code is 200\", function () {\r","    pm.response.to.have.status(200);\r","});\r","\r",""],"type":"text/javascript"}}],"id":"4f0c8856-fd54-48b0-801c-2d16416a35f3","protocolProfileBehavior":{"disableBodyPruning":true},"request":{"auth":{"type":"noauth"},"method":"PATCH","header":[{"key":"Authorization","value":"{{TOKEN}}","type":"text"}],"body":{"mode":"formdata","formdata":[{"key":"photo","type":"file","src":"/C:/Users/Suraj Gupta/Pictures/1.jfif"},{"key":"transfer_certificate","type":"file","src":"/C:/Users/Suraj Gupta/Pictures/2.jfif"},{"key":"report_card","type":"file","src":"/C:/Users/Suraj Gupta/Pictures/3.jpg"}]},"url":{"raw":"{{url}}/api/v1/admission-forms/{{COMMON_FORM_ID}}/","host":["{{url}}"],"path":["api","v1","admission-forms","{{COMMON_FORM_ID}}",""]}},"response":[]},{"name":"documents father","event":[{"listen":"test","script":{"id":"1672e888-60c2-45a9-8ba6-89db074ba4e7","exec":["Data = JSON.parse(responseBody)\r","pm.test(\"Status code is 200\", function () {\r","    pm.response.to.have.status(200);\r","});\r","\r",""],"type":"text/javascript"}}],"id":"4a9f5881-368c-4e2a-bf35-8e404b58a9f4","protocolProfileBehavior":{"disableBodyPruning":true},"request":{"auth":{"type":"noauth"},"method":"PATCH","header":[{"key":"Authorization","value":"{{TOKEN}}","type":"text"}],"body":{"mode":"formdata","formdata":[{"key":"parent_aadhar_card","type":"file","src":"/C:/Users/Suraj Gupta/Pictures/4.png"},{"key":"photo","type":"file","src":"/C:/Users/Suraj Gupta/Pictures/2.jfif"}]},"url":{"raw":"{{url}}/api/v1/parents/{{FATHER_SLUG}}/","host":["{{url}}"],"path":["api","v1","parents","{{FATHER_SLUG}}",""]}},"response":[]},{"name":"documents mother","event":[{"listen":"test","script":{"id":"1672e888-60c2-45a9-8ba6-89db074ba4e7","exec":["Data = JSON.parse(responseBody)\r","pm.test(\"Status code is 200\", function () {\r","    pm.response.to.have.status(200);\r","});\r","\r",""],"type":"text/javascript"}}],"id":"395aa915-fed5-4ea1-accc-d17cc0cb66f0","protocolProfileBehavior":{"disableBodyPruning":true},"request":{"auth":{"type":"noauth"},"method":"PATCH","header":[{"key":"Authorization","value":"{{TOKEN}}","type":"text"}],"body":{"mode":"formdata","formdata":[{"key":"parent_aadhar_card","type":"file","src":"/C:/Users/Suraj Gupta/Pictures/3.jpg"},{"key":"photo","type":"file","src":"/C:/Users/Suraj Gupta/Pictures/4.png"},{"key":"report_card","type":"file","src":"/C:/Users/Suraj Gupta/Pictures/2.jfif","disabled":true},{"key":"birth_certificate","type":"file","src":"/C:/Users/Suraj Gupta/Pictures/1.jfif","disabled":true}]},"url":{"raw":"{{url}}/api/v1/parents/{{MOTHER_SLUG}}/","host":["{{url}}"],"path":["api","v1","parents","{{MOTHER_SLUG}}",""]}},"response":[]},{"name":"Apply coupon school 1","event":[{"listen":"test","script":{"id":"1672e888-60c2-45a9-8ba6-89db074ba4e7","exec":["// childData = JSON.parse(responseBody)\r","pm.test(\"Status code is 200\", function () {\r","    pm.response.to.have.status(200);\r","});\r","\r",""],"type":"text/javascript"}}],"id":"a0e0e912-f3ba-40e6-b164-26447a075fb9","protocolProfileBehavior":{"disableBodyPruning":true},"request":{"auth":{"type":"noauth"},"method":"GET","header":[{"key":"Authorization","value":"{{TOKEN}}","type":"text"}],"url":{"raw":"{{url}}/api/v1/schools/coupon/?school_slug={{SCHOOL_1_SLUG}}&coupon_code={{SCHOOL_1_COUPON}}&child_id={{CHILD_ID}}","host":["{{url}}"],"path":["api","v1","schools","coupon",""],"query":[{"key":"school_slug","value":"{{SCHOOL_1_SLUG}}"},{"key":"coupon_code","value":"{{SCHOOL_1_COUPON}}"},{"key":"child_id","value":"{{CHILD_ID}}"}]}},"response":[]},{"name":"Apply coupon school 2","event":[{"listen":"test","script":{"id":"1672e888-60c2-45a9-8ba6-89db074ba4e7","exec":["// childData = JSON.parse(responseBody)\r","pm.test(\"Status code is 200\", function () {\r","    pm.response.to.have.status(200);\r","});\r","\r",""],"type":"text/javascript"}}],"id":"8cafd616-402f-4268-83e7-5456c4dae3ed","protocolProfileBehavior":{"disableBodyPruning":true},"request":{"auth":{"type":"noauth"},"method":"GET","header":[{"key":"Authorization","value":"{{TOKEN}}","type":"text"}],"url":{"raw":"{{url}}/api/v1/schools/coupon/?school_slug={{SCHOOL_2_SLUG}}&coupon_code={{SCHOOL_2_COUPON}}&child_id={{CHILD_ID}}","host":["{{url}}"],"path":["api","v1","schools","coupon",""],"query":[{"key":"school_slug","value":"{{SCHOOL_2_SLUG}}"},{"key":"coupon_code","value":"{{SCHOOL_2_COUPON}}"},{"key":"child_id","value":"{{CHILD_ID}}"}]}},"response":[]}],"id":"17c0292b-c57b-41eb-a51c-3984cac4ff1c"},{"name":"Checkout","item":[{"name":"New Request","event":[{"listen":"test","script":{"id":"9931640f-d24b-4aec-892d-088fd0a78bca","exec":["Data = JSON.parse(responseBody)\r","pm.test(\"Status code is 200\", function () {\r","    pm.response.to.have.status(200);\r","});\r","\r","// pm.environment.set(\"INT_CHILD_ID\", childData.id)"],"type":"text/javascript"}}],"id":"d09f7b2a-6a08-4a2c-a1cd-8ca408b8a82e","protocolProfileBehavior":{"disableBodyPruning":true},"request":{"method":"GET","header":[],"url":{"raw":"{{url}}/api/v1/admission-forms/cart/?include_complete_data=yes&limit=2&child={{CHILD_ID}}","host":["{{url}}"],"path":["api","v1","admission-forms","cart",""],"query":[{"key":"include_complete_data","value":"yes"},{"key":"limit","value":"2"},{"key":"child","value":"{{CHILD_ID}}"}]}},"response":[]},{"name":"cart details","event":[{"listen":"test","script":{"id":"4823a215-e076-4ad4-b6db-649a74fbb575","exec":["pm.test(\"Status code is 200\", function () {\r","    pm.response.to.have.status(200);\r","});\r",""],"type":"text/javascript"}}],"id":"25adf632-3f9f-42bb-bb97-470137e8c337","protocolProfileBehavior":{"disableBodyPruning":true},"request":{"method":"GET","header":[],"url":{"raw":"{{url}}/api/v1/admission-forms/cart/?child={{CHILD_ID}}","host":["{{url}}"],"path":["api","v1","admission-forms","cart",""],"query":[{"key":"child","value":"{{CHILD_ID}}"}]}},"response":[]},{"name":"cart total amount","event":[{"listen":"test","script":{"id":"4823a215-e076-4ad4-b6db-649a74fbb575","exec":["Data = JSON.parse(responseBody)\r","\r","pm.test(\"Status code is 200\", function () {\r","    pm.response.to.have.status(200);\r","});\r","\r","pm.environment.set(\"CART_TOTAL_AMOUNT\", Data.total)"],"type":"text/javascript"}}],"id":"8b85bae7-8259-4cea-a35d-dccf2a886bfa","protocolProfileBehavior":{"disableBodyPruning":true},"request":{"method":"GET","header":[],"url":{"raw":"{{url}}/api/v1/admission-forms/cart/total/?child={{CHILD_ID}}","host":["{{url}}"],"path":["api","v1","admission-forms","cart","total",""],"query":[{"key":"child","value":"{{CHILD_ID}}"}]}},"response":[]},{"name":"order detail","event":[{"listen":"test","script":{"id":"03810d9d-4f0f-43df-aa2c-e6bc1e87ab39","exec":["Data = JSON.parse(responseBody)\r","\r","pm.test(\"Status code is 200\", function () {\r","    pm.response.to.have.status(200);\r","});\r","\r","pm.environment.set(\"ORDER_ID\", Data.order_id)"],"type":"text/javascript"}}],"id":"aa94b8ac-1ec5-49c6-8417-0622b81fdc87","protocolProfileBehavior":{"disableBodyPruning":true},"request":{"method":"GET","header":[],"url":{"raw":"{{url}}/api/v1/payments/{{CHILD_ID}}/order/","host":["{{url}}"],"path":["api","v1","payments","{{CHILD_ID}}","order",""]}},"response":[]},{"name":"razorpay preferences","event":[{"listen":"test","script":{"id":"fec5680a-dcec-43cc-9678-bb9d510fa8b5","exec":["// Data = JSON.parse(responseBody)\r","\r","pm.test(\"Status code is 200\", function () {\r","    pm.response.to.have.status(200);\r","});\r","\r","// pm.environment.set(\"ORDER_ID\", Data.order_id)"],"type":"text/javascript"}}],"id":"018d4b0a-50eb-4491-9d73-8c43ae8f64b9","protocolProfileBehavior":{"disableBodyPruning":true},"request":{"method":"GET","header":[],"url":{"raw":"https://api.razorpay.com/v1/preferences?key_id={{RAZORPAY_ID}}&currency%5B0%5D=INR&order_id={{ORDER_ID}}&amount={{CART_TOTAL_AMOUNT}}&_%5Bbuild%5D=2909046210&_%5Bcheckout_id%5D=K93BOG54FqgCxs&_%5Blibrary%5D=checkoutjs&_%5Bplatform%5D=browser&_%5Bagent%5D%5Bplatform%5D=web&_%5Bagent%5D%5Bdevice%5D=desktop&_%5Bagent%5D%5Bos%5D=windows&personalisation=1&checkcookie=1&_%5Brequest_index%5D=0","protocol":"https","host":["api","razorpay","com"],"path":["v1","preferences"],"query":[{"key":"key_id","value":"{{RAZORPAY_ID}}"},{"key":"currency%5B0%5D","value":"INR"},{"key":"order_id","value":"{{ORDER_ID}}"},{"key":"amount","value":"{{CART_TOTAL_AMOUNT}}"},{"key":"_%5Bbuild%5D","value":"2909046210"},{"key":"_%5Bcheckout_id%5D","value":"K93BOG54FqgCxs"},{"key":"_%5Blibrary%5D","value":"checkoutjs"},{"key":"_%5Bplatform%5D","value":"browser"},{"key":"_%5Bagent%5D%5Bplatform%5D","value":"web"},{"key":"_%5Bagent%5D%5Bdevice%5D","value":"desktop"},{"key":"_%5Bagent%5D%5Bos%5D","value":"windows"},{"key":"personalisation","value":"1"},{"key":"checkcookie","value":"1"},{"key":"_%5Brequest_index%5D","value":"0"}]}},"response":[]},{"name":"razorpay personalization","event":[{"listen":"test","script":{"id":"e1eebe85-0dfe-4fa1-a3f5-89c8ea83d33b","exec":["// Data = JSON.parse(responseBody)\r","\r","pm.test(\"Status code is 200\", function () {\r","    pm.response.to.have.status(200);\r","});\r","\r","// pm.environment.set(\"ORDER_ID\", Data.order_id)"],"type":"text/javascript"}}],"id":"21be87f1-d894-48c2-9f50-711e2e030ee3","protocolProfileBehavior":{"disableBodyPruning":true},"request":{"method":"GET","header":[],"url":{"raw":"https://api.razorpay.com/v1/personalisation?key_id=rzp_test_2hylGNAjJUXTqD&contact=%2B91{{PHONE}}&amount={{CART_TOTAL_AMOUNT}}&country_code=in","protocol":"https","host":["api","razorpay","com"],"path":["v1","personalisation"],"query":[{"key":"key_id","value":"rzp_test_2hylGNAjJUXTqD"},{"key":"contact","value":"%2B91{{PHONE}}"},{"key":"amount","value":"{{CART_TOTAL_AMOUNT}}"},{"key":"country_code","value":"in"}]}},"response":[]},{"name":"ajax","event":[{"listen":"test","script":{"id":"e1eebe85-0dfe-4fa1-a3f5-89c8ea83d33b","exec":["Data = JSON.parse(responseBody)\r","\r","pm.test(\"Status code is 200\", function () {\r","    pm.response.to.have.status(200);\r","});\r","\r","pm.environment.set(\"PAYMENT_ID\", Data.payment_id)"],"type":"text/javascript"}}],"id":"ecad3c34-60a4-444c-a58c-960a282ff250","protocolProfileBehavior":{"disableBodyPruning":true},"request":{"method":"POST","header":[],"body":{"mode":"formdata","formdata":[{"key":"contact","value":"+91{{PHONE}}","type":"text"},{"key":"email","value":"{{PARENT_EMAIL}}","type":"text"},{"key":"amount","value":"{{CART_TOTAL_AMOUNT}}","type":"text"},{"key":"method","value":"upi","type":"text"},{"key":"upi[flow]","value":"intent","type":"text"},{"key":"_[upiqr]","value":"1","type":"text"},{"key":"_[flow]","value":"intent","type":"text"},{"key":"currency","value":"INR","type":"text"},{"key":"description","value":"Application Form Fees","type":"text"},{"key":"order_id","value":"{{ORDER_ID}}","type":"text"},{"key":"key_id","value":"{{RAZORPAY_ID}}","type":"text"},{"key":"_[shield][fhash]","value":"fcb8e4d7b3ede8553fa171b1dcea4981686ef625","type":"text"},{"key":"_[device_id]","value":"1.fcb8e4d7b3ede8553fa171b1dcea4981686ef625.1661252387014.31403274","type":"text"},{"key":"_[shield][tz]","value":"330","type":"text"},{"key":"_[build]","value":"2909046210","type":"text"},{"key":"_[checkout_id]","value":"K9ROAkrWTYeZ4A","type":"text"},{"key":"_[env]","value":"production","type":"text"},{"key":"_[library]","value":"checkoutjs","type":"text"},{"key":"_[platform]","value":"browser","type":"text"},{"key":"_[referer]","value":"{{url}}/admissions/checkout","type":"text"},{"key":"_[request_index]","value":"0","type":"text"}]},"url":{"raw":"https://api.razorpay.com/v1/payments/create/ajax","protocol":"https","host":["api","razorpay","com"],"path":["v1","payments","create","ajax"]}},"response":[]},{"name":"get razorpay signature","event":[{"listen":"test","script":{"id":"e1eebe85-0dfe-4fa1-a3f5-89c8ea83d33b","exec":["Data = JSON.parse(responseBody)\r","\r","pm.test(\"Status code is 200\", function () {\r","    pm.response.to.have.status(200);\r","});\r","\r","pm.environment.set(\"RAZORPAY_SIGNATURE\", Data.razorpay_signature)"],"type":"text/javascript"}}],"id":"d9f8f265-1f20-49d4-8d80-066e3af6d504","protocolProfileBehavior":{"disableBodyPruning":true},"request":{"method":"GET","header":[],"body":{"mode":"formdata","formdata":[{"key":"contact","value":"+91{{PHONE}}","type":"text"},{"key":"email","value":"{{PARENT_EMAIL}}","type":"text"},{"key":"amount","value":"{{CART_TOTAL_AMOUNT}}","type":"text"},{"key":"method","value":"upi","type":"text"},{"key":"upi[flow]","value":"intent","type":"text"},{"key":"_[upiqr]","value":"1","type":"text"},{"key":"_[flow]","value":"intent","type":"text"},{"key":"currency","value":"INR","type":"text"},{"key":"description","value":"Application Form Fees","type":"text"},{"key":"order_id","value":"{{ORDER_ID}}","type":"text"},{"key":"key_id","value":"{{RAZORPAY_ID}}","type":"text"},{"key":"_[shield][fhash]","value":"fcb8e4d7b3ede8553fa171b1dcea4981686ef625","type":"text"},{"key":"_[device_id]","value":"1.fcb8e4d7b3ede8553fa171b1dcea4981686ef625.1661252387014.31403274","type":"text"},{"key":"_[shield][tz]","value":"330","type":"text"},{"key":"_[build]","value":"2909046210","type":"text"},{"key":"_[checkout_id]","value":"K9ROAkrWTYeZ4A","type":"text"},{"key":"_[env]","value":"production","type":"text"},{"key":"_[library]","value":"checkoutjs","type":"text"},{"key":"_[platform]","value":"browser","type":"text"},{"key":"_[referer]","value":"{{url}}/admissions/checkout","type":"text"},{"key":"_[request_index]","value":"0","type":"text"}]},"url":{"raw":"https://api.razorpay.com/v1/payments/{{PAYMENT_id}}/status?key_id={{RAZORPAY_ID}}&callback=Razorpay.jsonp2_1","protocol":"https","host":["api","razorpay","com"],"path":["v1","payments","{{PAYMENT_id}}","status"],"query":[{"key":"key_id","value":"{{RAZORPAY_ID}}"},{"key":"callback","value":"Razorpay.jsonp2_1"}]}},"response":[]},{"name":"capture","event":[{"listen":"test","script":{"id":"e1eebe85-0dfe-4fa1-a3f5-89c8ea83d33b","exec":["// Data = JSON.parse(responseBody)\r","\r","pm.test(\"Status code is 200\", function () {\r","    pm.response.to.have.status(200);\r","});\r","\r","// pm.environment.set(\"ORDER_ID\", Data.order_id)"],"type":"text/javascript"}}],"id":"cb77d72e-484a-4961-996d-a6c94d1b5b86","protocolProfileBehavior":{"disableBodyPruning":true},"request":{"method":"PATCH","header":[],"body":{"mode":"raw","raw":"{\r\n    \"child_id\": {{CHILD_ID}},\r\n    \"form_id\": {{COMMON_FORM_ID}},\r\n    \"razorpay_signature\": \"{{RAZORPAY_SIGNATURE}}\",\r\n    \"razorpay_order_id\": \"{{ORDER_ID}}\",\r\n    \"razorpay_payment_id\": \"{{PAYEMNT_ID}}\"\r\n}","options":{"raw":{"language":"json"}}},"url":{"raw":"{{url}}/api/v1/payments/16117/capture/","host":["{{url}}"],"path":["api","v1","payments","16117","capture",""]}},"response":[]}],"id":"be02a0f7-81dd-487b-aad7-aa1043818163"}],"id":"242e41d6-4444-4315-ade7-c40e8959180e","auth":{"type":"noauth"},"event":[{"listen":"prerequest","script":{"id":"85aa5ef6-0238-4cb6-ad18-bd8d076edf40","type":"text/javascript","exec":[""]}},{"listen":"test","script":{"id":"cfbf3d17-f847-4b75-b439-977e2df11f47","type":"text/javascript","exec":[""]}}]},{"name":"cart1","item":[{"name":"Add item in cart","event":[{"listen":"test","script":{"id":"1672e888-60c2-45a9-8ba6-89db074ba4e7","exec":["cartData = JSON.parse(responseBody)\r","pm.test(\"Status code is 201\", function () {\r","    pm.response.to.have.status(201);\r","});\r","\r","pm.environment.set(\"CART_ID\", cartData.id)"],"type":"text/javascript"}}],"id":"66299250-9931-4f30-85b8-b67a6f960afd","protocolProfileBehavior":{"disableBodyPruning":true},"request":{"auth":{"type":"noauth"},"method":"POST","header":[{"key":"Authorization","value":"{{TOKEN}}","type":"text"}],"body":{"mode":"raw","raw":"{\"child\":{{CHILD_ID}},\"school\":4431,\"session\":\"2022-2023\"}","options":{"raw":{"language":"json"}}},"url":{"raw":"{{url}}/api/v1/admission-forms/cart/?ad_value=","host":["{{url}}"],"path":["api","v1","admission-forms","cart",""],"query":[{"key":"ad_value","value":""}]}},"response":[]},{"name":"Get Common form ID","event":[{"listen":"test","script":{"id":"1672e888-60c2-45a9-8ba6-89db074ba4e7","exec":["Data = JSON.parse(responseBody)\r","pm.test(\"Status code is 200\", function () {\r","    pm.response.to.have.status(200);\r","});\r","commonRegistrationFormId = Data[\"results\"][0][\"id\"]\r","console.log(\"data----------->\", commonRegistrationFormId)\r","pm.environment.set(\"COMMON_FORM_ID\", commonRegistrationFormId)"],"type":"text/javascript"}}],"id":"f72862dc-6242-45c2-8abb-94cbac8a51a0","protocolProfileBehavior":{"disableBodyPruning":true},"request":{"auth":{"type":"noauth"},"method":"GET","header":[{"key":"Authorization","value":"{{TOKEN}}","type":"text"}],"url":{"raw":"{{url}}/api/v1/admission-forms/?child={{CHILD_ID}}","host":["{{url}}"],"path":["api","v1","admission-forms",""],"query":[{"key":"child","value":"{{CHILD_ID}}"}]}},"response":[]},{"name":"form fill maxfort Applicant","event":[{"listen":"test","script":{"id":"1672e888-60c2-45a9-8ba6-89db074ba4e7","exec":["cartData = JSON.parse(responseBody)\r","pm.test(\"Status code is 200\", function () {\r","    pm.response.to.have.status(200);\r","});\r","\r",""],"type":"text/javascript"}}],"id":"bf9ab095-d73e-4de9-a636-8f627731b785","protocolProfileBehavior":{"disableBodyPruning":true},"request":{"auth":{"type":"noauth"},"method":"PATCH","header":[{"key":"Authorization","value":"{{TOKEN}}","type":"text"}],"body":{"mode":"formdata","formdata":[{"key":"nationality","value":"Indian","type":"text"},{"key":"religion","value":"Hinduism","type":"text"},{"key":"blood_group","value":"O+","type":"text"},{"key":"aadhaar_number","value":"1111","type":"text"}]},"url":{"raw":"{{url}}/api/v1/childs/{{CHILD_ID}}/","host":["{{url}}"],"path":["api","v1","childs","{{CHILD_ID}}",""]}},"response":[]},{"name":"form fill maxfort Applicant other details Copy","event":[{"listen":"test","script":{"id":"1672e888-60c2-45a9-8ba6-89db074ba4e7","exec":["cartData = JSON.parse(responseBody)\r","pm.test(\"Status code is 200\", function () {\r","    pm.response.to.have.status(200);\r","});\r","\r",""],"type":"text/javascript"}}],"id":"6b4f93d1-9d38-4e38-a94a-fec71d3b2686","protocolProfileBehavior":{"disableBodyPruning":true},"request":{"auth":{"type":"noauth"},"method":"PATCH","header":[{"key":"Authorization","value":"{{TOKEN}}","type":"text"}],"body":{"mode":"raw","raw":"{\r\n    \"mother_tongue\": \"Hindi\",\r\n    \"short_address\": \"1\",\r\n    \"street_address\": \"shahdara\",\r\n    \"pincode\": \"110093\",\r\n    \"city\": \"Delhi\",\r\n    \"state\": \"Delhi\",\r\n    \"country\": \"India\",\r\n    \"last_school_name\": \"past\",\r\n    \"last_school_address\": \"past\",\r\n    \"last_school_class\": \"1\",\r\n    \"last_school_board\": \"1\",\r\n    \"last_school_result_percentage\": \"80\",\r\n    \"transfer_date\": \"2022-07-15\",\r\n    \"transfer_number\": \"1\",\r\n    \"reason_of_leaving\": \"past\",\r\n    \"child\": {{CHILD_ID}},\r\n    \"longitude_secondary\": 77.2944111,\r\n    \"latitude_secondary\": 28.6834087,\r\n    \"longitude\": 77.2944111,\r\n    \"latitude\": 28.6834087\r\n}","options":{"raw":{"language":"json"}}},"url":{"raw":"{{url}}/api/v1/admission-forms/{{COMMON_FORM_ID}}/","host":["{{url}}"],"path":["api","v1","admission-forms","{{COMMON_FORM_ID}}",""]}},"response":[]},{"name":"form fill maxfort Add father","event":[{"listen":"test","script":{"id":"1672e888-60c2-45a9-8ba6-89db074ba4e7","exec":["Data = JSON.parse(responseBody)\r","pm.test(\"Status code is 201\", function () {\r","    pm.response.to.have.status(201);\r","});\r","\r","pm.environment.set(\"FATHER_ID\", Data.id)"],"type":"text/javascript"}}],"id":"baea4a5e-5ed4-46de-84dd-65b36f240082","protocolProfileBehavior":{"disableBodyPruning":true},"request":{"auth":{"type":"noauth"},"method":"POST","header":[{"key":"Authorization","value":"{{TOKEN}}","type":"text"}],"body":{"mode":"formdata","formdata":[{"key":"name","value":"pappa","type":"text"},{"key":"phone","value":"{{PHONE}}","type":"text"},{"key":"email","value":"{{PARENT_EMAIL}}","type":"text"},{"key":"date_of_birth","value":"2022-08-11","type":"text"},{"key":"education","value":"Other","type":"text"},{"key":"college_name","value":"kuch bhi","type":"text"},{"key":"course_name","value":"sab chale hai","type":"text"},{"key":"occupation","value":"NIL","type":"text"},{"key":"designation","value":"SDE","type":"text"},{"key":"companyname","value":"cmpny","type":"text"},{"key":"office_address","value":"kahi bhi","type":"text"},{"key":"office_number","value":"{{PHONE}}","type":"text"},{"key":"income","value":"10000","type":"text"},{"key":"parent_type","value":"father","type":"text"},{"key":"gender","value":"male","type":"text"},{"key":"bio","value":"No bio","type":"text"},{"key":"user","value":"{{PARENT_ID}}","type":"text"}]},"url":{"raw":"{{url}}/api/v1/parents/parent-add/","host":["{{url}}"],"path":["api","v1","parents","parent-add",""]}},"response":[]},{"name":"form fill maxfort attach Father in common","event":[{"listen":"test","script":{"id":"1672e888-60c2-45a9-8ba6-89db074ba4e7","exec":["cartData = JSON.parse(responseBody)\r","pm.test(\"Status code is 200\", function () {\r","    pm.response.to.have.status(200);\r","});\r","\r",""],"type":"text/javascript"}}],"id":"5c430aaa-b808-449a-b6cc-d3f6e4f7e4c7","protocolProfileBehavior":{"disableBodyPruning":true},"request":{"auth":{"type":"noauth"},"method":"PATCH","header":[{"key":"Authorization","value":"{{TOKEN}}","type":"text"}],"body":{"mode":"formdata","formdata":[{"key":"father","value":"{{FATHER_ID}}","type":"text"}]},"url":{"raw":"{{url}}/api/v1/admission-forms/{{COMMON_FORM_ID}}/","host":["{{url}}"],"path":["api","v1","admission-forms","{{COMMON_FORM_ID}}",""]}},"response":[]},{"name":"form fill maxfort Add Mother Copy","event":[{"listen":"test","script":{"id":"1672e888-60c2-45a9-8ba6-89db074ba4e7","exec":["Data = JSON.parse(responseBody)\r","pm.test(\"Status code is 201\", function () {\r","    pm.response.to.have.status(201);\r","});\r","\r","pm.environment.set(\"MOTHER_ID\", Data.id)"],"type":"text/javascript"}}],"id":"3678fd33-23de-4d9a-b2d0-d706453ff8a7","protocolProfileBehavior":{"disableBodyPruning":true},"request":{"auth":{"type":"noauth"},"method":"POST","header":[{"key":"Authorization","value":"{{TOKEN}}","type":"text"}],"body":{"mode":"formdata","formdata":[{"key":"name","value":"Maa","type":"text"},{"key":"phone","value":"{{PHONE}}","type":"text"},{"key":"email","value":"{{PARENT_EMAIL}}","type":"text"},{"key":"date_of_birth","value":"2022-08-11","type":"text"},{"key":"education","value":"Other","type":"text"},{"key":"college_name","value":"kuch bhi","type":"text"},{"key":"course_name","value":"sab chale hai","type":"text"},{"key":"occupation","value":"NIL","type":"text"},{"key":"designation","value":"SDE","type":"text"},{"key":"companyname","value":"cmpny","type":"text"},{"key":"office_address","value":"kahi bhi","type":"text"},{"key":"office_number","value":"{{PHONE}}","type":"text"},{"key":"income","value":"10000","type":"text"},{"key":"parent_type","value":"mother","type":"text"},{"key":"gender","value":"female","type":"text"},{"key":"bio","value":"No bio","type":"text"},{"key":"user","value":"{{PARENT_ID}}","type":"text"}]},"url":{"raw":"{{url}}/api/v1/parents/parent-add/","host":["{{url}}"],"path":["api","v1","parents","parent-add",""]}},"response":[]},{"name":"form fill maxfort attach Mother in common Copy","event":[{"listen":"test","script":{"id":"1672e888-60c2-45a9-8ba6-89db074ba4e7","exec":["cartData = JSON.parse(responseBody)\r","pm.test(\"Status code is 200\", function () {\r","    pm.response.to.have.status(200);\r","});\r","\r",""],"type":"text/javascript"}}],"id":"0d7028e9-0aea-4ea6-9d99-6c51240c1e58","protocolProfileBehavior":{"disableBodyPruning":true},"request":{"auth":{"type":"noauth"},"method":"PATCH","header":[{"key":"Authorization","value":"{{TOKEN}}","type":"text"}],"body":{"mode":"formdata","formdata":[{"key":"mother","value":"{{MOTHER_ID}}","type":"text"}]},"url":{"raw":"{{url}}/api/v1/admission-forms/{{COMMON_FORM_ID}}/","host":["{{url}}"],"path":["api","v1","admission-forms","{{COMMON_FORM_ID}}",""]}},"response":[]},{"name":"Delete cart item","event":[{"listen":"test","script":{"id":"1672e888-60c2-45a9-8ba6-89db074ba4e7","exec":["// childData = JSON.parse(responseBody)\r","pm.test(\"Status code is 204\", function () {\r","    pm.response.to.have.status(204);\r","});\r","\r",""],"type":"text/javascript"}}],"id":"b5e6a40a-53c8-42bd-98b9-159a4bae2aff","protocolProfileBehavior":{"disableBodyPruning":true},"request":{"auth":{"type":"noauth"},"method":"DELETE","header":[{"key":"Authorization","value":"{{TOKEN}}","type":"text"}],"url":{"raw":"{{url}}/api/v1/admission-forms/cart/{{CART_ID}}/","host":["{{url}}"],"path":["api","v1","admission-forms","cart","{{CART_ID}}",""]}},"response":[]},{"name":"Delete cart item Copy","event":[{"listen":"test","script":{"id":"1672e888-60c2-45a9-8ba6-89db074ba4e7","exec":["// childData = JSON.parse(responseBody)\r","pm.test(\"Status code is 404\", function () {\r","    pm.response.to.have.status(404);\r","});\r","\r",""],"type":"text/javascript"}}],"id":"97107e97-0917-4306-ab30-e74386702ad2","protocolProfileBehavior":{"disableBodyPruning":true},"request":{"auth":{"type":"noauth"},"method":"GET","header":[{"key":"Authorization","value":"{{TOKEN}}","type":"text"}],"url":{"raw":"{{url}}/api/v1/admission-forms/cart/{{CART_ID}}/","host":["{{url}}"],"path":["api","v1","admission-forms","cart","{{CART_ID}}",""]}},"response":[]}],"id":"85c6017a-f1d5-4b3d-9a9a-472087ba66e2"}],"event":[{"listen":"prerequest","script":{"id":"d53d8781-fa81-43e3-b9af-6a35bb2eb709","type":"text/javascript","exec":[""]}},{"listen":"test","script":{"id":"df79a60f-ecc5-40c8-92cb-4fac32d96e71","type":"text/javascript","exec":[""]}}],"variable":[{"id":"24768c12-ef92-4680-b07b-f952d7e31322","key":"url","value":"","type":"string"},{"id":"010d4c1b-27b6-4557-b60c-97fd205be1c3","key":"PARENT_EMAIL","value":"","type":"string"}]}