{"info":{"_postman_id":"7bcdb45c-330d-46e0-9e7d-b3eb7aece97f","name":"Strapi","schema":"https://schema.getpostman.com/json/collection/v2.1.0/collection.json"},"item":[{"name":"get products","id":"67f6f9d1-1815-4508-b3d4-0520271f2b12","protocolProfileBehavior":{"disableBodyPruning":true},"request":{"method":"GET","header":[],"url":{"raw":"http://localhost:1337/api/products/","protocol":"http","host":["localhost"],"port":"1337","path":["api","products",""]}},"response":[]},{"name":"get about section","id":"686c49df-d2cc-4c6f-93b2-d7310d14f340","protocolProfileBehavior":{"disableBodyPruning":true},"request":{"method":"GET","header":[],"url":{"raw":"http://localhost:1337/api/about-section/","protocol":"http","host":["localhost"],"port":"1337","path":["api","about-section",""]}},"response":[]}]}