{"info":{"_postman_id":"b53ce065-6832-4247-b2e3-2be659b937d8","name":"Github API","schema":"https://schema.getpostman.com/json/collection/v2.1.0/collection.json"},"item":[{"name":"Create repository","event":[{"listen":"test","script":{"id":"2c8341b2-7709-46bb-a89a-4ae73265a47f","exec":["pm.test(\"Status code is 201\", function () {","    pm.response.to.have.status(201);","});","","pm.test(\"Repository name\", function () {","    var jsonData = pm.response.json();","    pm.expect(jsonData.name).to.eql(pm.environment.get(\"repositoryName\"));","});"],"type":"text/javascript"}},{"listen":"prerequest","script":{"id":"40378f75-386c-4633-b20c-a544cb228e35","exec":["var random = Math.random().toString(36).substring(2);","var repositoryName = \"My-repository-\" + random;","pm.environment.set(\"repositoryName\", repositoryName);"],"type":"text/javascript"}}],"id":"d137f702-41ad-4613-aaab-2c9603fc858f","protocolProfileBehavior":{"disableBodyPruning":true},"request":{"method":"POST","header":[{"key":"Content-Type","name":"Content-Type","value":"application/json","type":"text"}],"body":{"mode":"raw","raw":"{\n    \"name\": \"{{repositoryName}}\",\n    \"description\": \"This is your first repository\",\n    \"homepage\": \"https://github.com\",\n    \"private\": false,\n    \"has_issues\": true,\n    \"has_projects\": true,\n    \"has_wiki\": true\n}"},"url":{"raw":"https://api.github.com/user/repos","protocol":"https","host":["api","github","com"],"path":["user","repos"]}},"response":[]},{"name":"Create issue","event":[{"listen":"test","script":{"id":"4b2e5f08-2c0e-449a-9392-375a513cc225","exec":["var jsonData = pm.response.json();","","pm.test(\"Check label\", function () {","    pm.expect(jsonData.labels[0].name).to.eql(\"bug\");","});","","console.log(jsonData['labels']);"],"type":"text/javascript"}}],"id":"d9a99f8e-614f-481a-a30d-2d3e5e83f2e8","protocolProfileBehavior":{"disableBodyPruning":true},"request":{"method":"POST","header":[{"key":"Content-Type","name":"Content-Type","value":"application/json","type":"text"}],"body":{"mode":"raw","raw":"{\n  \"title\": \"Found a bug\",\n  \"body\": \"I'm having a problem with this.\",\n  \"labels\": [\n    \"bug\"\n  ]\n}"},"url":{"raw":"https://api.github.com/repos/:owner/:repo/issues","protocol":"https","host":["api","github","com"],"path":["repos",":owner",":repo","issues"],"variable":[{"id":"773666b6-6ffb-44f3-8277-8680d9c05629","key":"owner","value":"{{owner}}","type":"string"},{"id":"a1286dda-4998-4214-8de9-48bf4d7c04b1","key":"repo","value":"{{repositoryName}}","type":"string"}]}},"response":[]},{"name":"Delete repository","event":[{"listen":"test","script":{"id":"a8ff1bae-f672-4974-bc72-e580d918b0ff","exec":["pm.test(\"Status code is 204\", function () {","    pm.response.to.have.status(204);","});"],"type":"text/javascript"}}],"id":"4fbac34b-a30f-499d-84c9-34f8a853593e","protocolProfileBehavior":{"disableBodyPruning":true},"request":{"method":"DELETE","header":[],"url":{"raw":"https://api.github.com/repos/:owner/:repo","protocol":"https","host":["api","github","com"],"path":["repos",":owner",":repo"],"variable":[{"id":"c5c39c6c-13a9-4601-a12b-3ca9b0d96795","key":"owner","value":"{{owner}}","type":"string"},{"id":"264bb649-9bc9-41e7-8d84-2ca9e6545175","key":"repo","value":"{{repositoryName}}","type":"string"}]}},"response":[]},{"name":"Get deleted repository","event":[{"listen":"test","script":{"id":"258ca1d0-dfca-44c7-9ee9-da1f2934c52a","exec":["pm.test(\"Status code is 404\", function () {","    pm.response.to.have.status(404);","});"],"type":"text/javascript"}}],"id":"fc6079ae-ae02-44b0-87ff-f42d0765b8ac","protocolProfileBehavior":{"disableBodyPruning":true},"request":{"method":"GET","header":[],"url":{"raw":"https://api.github.com/repos/:owner/:repo","protocol":"https","host":["api","github","com"],"path":["repos",":owner",":repo"],"variable":[{"id":"713d208a-9b26-4c45-afd5-782d108d1ef8","key":"owner","value":"{{owner}}","type":"string"},{"id":"1fbe8b4e-c8dd-4022-b70a-25ca99739a01","key":"repo","value":"{{repositoryName}}","type":"string"}]}},"response":[]}],"auth":{"type":"bearer","bearer":[{"key":"token","value":"{{token}}","type":"string"}]},"event":[{"listen":"prerequest","script":{"id":"dada13d8-55c3-404e-922f-df600518e6c5","type":"text/javascript","exec":[""]}},{"listen":"test","script":{"id":"9c3c4f12-494b-483e-bf04-3e08e460b77c","type":"text/javascript","exec":[""]}}]}