{"info":{"_postman_id":"b70c65c9-a14b-4fff-b9ec-e160ca3da7d5","name":"Student expert","description":"Learn the skills to become a certified Postman Student Expert.\n\n__Fork__ this collection into your own workspace, send the first request and follow the instructions!","schema":"https://schema.getpostman.com/json/collection/v2.1.0/collection.json"},"item":[{"name":"1. Begin training - Requests","item":[{"name":"0. Start training","id":"9bc22a62-fdcc-4c92-976e-26b9adb2d1ac","protocolProfileBehavior":{"disableBodyPruning":true},"request":{"method":"GET","header":[],"url":{"raw":"{{training_api}}/training","host":["{{training_api}}"],"path":["training"],"query":[{"key":"link","value":"https://www.getpostman.com/collections/4f50a8b4922e15364b4d","type":"text","disabled":true}]}},"response":[]},{"name":"1. Get matches","id":"6b2e0be0-4b13-44a6-a6aa-afaa28b9e1bb","protocolProfileBehavior":{"disableBodyPruning":true},"request":{"method":"GET","header":[],"url":{"raw":"{{training_api}}/matches?status=played","host":["{{training_api}}"],"path":["matches"],"query":[{"key":"status","value":"played"}]}},"response":[]},{"name":"2. Add match","id":"006e1958-1aee-4e08-be67-82c7e6d5095e","protocolProfileBehavior":{"disableBodyPruning":true},"request":{"method":"POST","header":[],"url":{"raw":"{{training_api}}/match","host":["{{training_api}}"],"path":["match"]}},"response":[]},{"name":"3. Update score","id":"98310d1c-9da8-4e9e-b5fe-5bba73b072ce","protocolProfileBehavior":{"disableBodyPruning":true},"request":{"method":"PUT","header":[],"url":{"raw":"{{training_api}}/match","host":["{{training_api}}"],"path":["match"]}},"response":[]}],"id":"f6ba3922-7a51-4b47-ba03-45a0edcfe4bf"},{"name":"2. Scripting and Collection Runs","item":[{"name":"Get all players","event":[{"listen":"test","script":{"id":"2a2684bd-8655-4c3b-ac68-660a07f670ee","exec":["pm.test('Status code is 200', function () {","    pm.response.to.have.status(200); ","});","var player_list=pm.response.json().data.players;","pm.environment.set('player_id', player_list[Math.floor(Math.random() * player_list.length)].id);",""],"type":"text/javascript"}},{"listen":"prerequest","script":{"id":"a7cbf13f-d036-47b1-81eb-22457f538d99","exec":[""],"type":"text/javascript"}}],"id":"8e5101b8-47f1-49d2-8863-75208b414381","protocolProfileBehavior":{"disableBodyPruning":true},"request":{"method":"GET","header":[],"url":{"raw":"{{mock_url}}/players","host":["{{mock_url}}"],"path":["players"]}},"response":[{"id":"caf99e75-b56b-4056-8e4c-f75fa04c50d5","name":"Get all players","originalRequest":{"method":"GET","header":[],"url":{"raw":"{{mock_url}}/players","host":["{{mock_url}}"],"path":["players"]}},"status":"OK","code":200,"_postman_previewlanguage":"json","header":[{"key":"Date","value":"Tue, 09 Mar 2021 14:25:50 GMT"},{"key":"Content-Type","value":"application/json; charset=utf-8"},{"key":"Transfer-Encoding","value":"chunked"},{"key":"Connection","value":"keep-alive"},{"key":"Server","value":"nginx"},{"key":"x-srv-trace","value":"v=1;t=f640fc9269d4abf1"},{"key":"x-srv-span","value":"v=1;s=cae070700b0a0ca3"},{"key":"Access-Control-Allow-Origin","value":"*"},{"key":"X-RateLimit-Limit","value":"120"},{"key":"X-RateLimit-Remaining","value":"119"},{"key":"X-RateLimit-Reset","value":"1595506037"},{"key":"ETag","value":"W/\"96-S/5iQ2y1qqIInh5BwoPc+chvDJU\""},{"key":"Vary","value":"Accept-Encoding"},{"key":"Content-Encoding","value":"gzip"}],"cookie":[],"responseTime":null,"body":"{\n    \"welcome\": \"Welcome! Check out the 'data' object below to see the values returned by the API. Click **Visualize** to see the 'tutorial' data for this request in a more readable view.\",\n    \"data\": {\n        \"players\": [\n            {\n                \"id\": 1\n            },\n            {\n                \"id\": 2\n            },\n            {\n                \"id\": 3\n            }\n        ]\n    },\n    \"tutorial\": {\n        \"title\": \"Test scripts 🕵\",\n        \"intro\": \"The requests in this folder use mock data to walk you through adding test scripts in Postman.\",\n        \"steps\": [\n            {\n                \"note\": \"In the **Tests** tab for the request, add the following test function.\",\n                \"js_code\": [\n                    \"pm.test('Status code is 200', function () {\",\n                    \"    pm.response.to.have.status(200); \",\n                    \"});\"\n                ]\n            },\n            {\n                \"note\": \"The `pm.test` function will use the first text string parameter to output the test result in Postman. This test checks whether the response status code is `200`. You can access test code snippets on the right of the test editing area. **Save** your request and click **Send** then check the **Test Results** in the response area. (_Click **Body** > **Visualize** to get back to these instructions._)\",\n                \"pic\": \"https://assets.postman.com/postman-docs/student-expert-test-added.jpg\"\n            }\n        ],\n        \"next\": [\n            {\n                \"step\": \"Try making your test fail by changing the status code check to `400`, **Send** again to see how a failed test appears.\",\n                \"pic\": \"https://assets.postman.com/postman-docs/student-expert-test-failed.jpg\"\n            },\n            {\n                \"step\": \"Once you have your test failing, open the next request in the folder `Get specific player` and click **Send**.\"\n            }\n        ]\n    }\n}"}]},{"name":"Get specific player","event":[{"listen":"test","script":{"id":"f133daaf-8995-457c-8092-eed8cdff0de3","exec":["if(pm.response.json().data.played<750) postman.setNextRequest('Get all players');"],"type":"text/javascript"}},{"listen":"prerequest","script":{"id":"572d82b6-9c2f-41db-9ce2-92222296a194","exec":["if(!pm.variables.get('player_id')) pm.variables.set('player_id', -1);"],"type":"text/javascript"}}],"id":"cba6a0fe-9be4-4304-9899-cebc16e11fc4","protocolProfileBehavior":{"disableBodyPruning":true},"request":{"method":"GET","header":[],"url":{"raw":"{{mock_url}}/player?id={{player_id}}","host":["{{mock_url}}"],"path":["player"],"query":[{"key":"id","value":"{{player_id}}","description":"THis is sample documentation"}]}},"response":[{"id":"8a569e77-7d68-4668-8f8e-5bc6993878b5","name":"Get specific player no parameter","originalRequest":{"method":"GET","header":[],"url":{"raw":"{{mock_url}}/player","host":["{{mock_url}}"],"path":["player"]}},"status":"OK","code":200,"_postman_previewlanguage":"json","header":[{"key":"Date","value":"Tue, 09 Mar 2021 14:26:02 GMT"},{"key":"Content-Type","value":"application/json; charset=utf-8"},{"key":"Transfer-Encoding","value":"chunked"},{"key":"Connection","value":"keep-alive"},{"key":"Server","value":"nginx"},{"key":"x-srv-trace","value":"v=1;t=344d6f90dde1d0e9"},{"key":"x-srv-span","value":"v=1;s=0100fc53275daf73"},{"key":"Access-Control-Allow-Origin","value":"*"},{"key":"X-RateLimit-Limit","value":"120"},{"key":"X-RateLimit-Remaining","value":"118"},{"key":"X-RateLimit-Reset","value":"1615300010"},{"key":"ETag","value":"W/\"9cc-vQIxKbptYxFtnlzIgVmPg840KfI\""},{"key":"Vary","value":"Accept-Encoding"},{"key":"Content-Encoding","value":"gzip"}],"cookie":[],"responseTime":null,"body":"{\n    \"welcome\": \"Welcome! Check out the 'data' object below to see the values returned by the API. Click **Visualize** to see the 'tutorial' data for this request in a more readable view.\",\n    \"tutorial\": {\n        \"title\": \"Passing values\",\n        \"intro\": \"This request expects a query parameter representing the player to retrieve.\",\n        \"steps\": [\n            {\n                \"note\": \"In **Params** add `id` as the **Key** and `{{player_id}}` as the **Value**. This is a variable reference for a variable that does not yet have a value—if you hover over it you'll see that it's unresolved.\",\n                \"pic\": \"https://assets.postman.com/postman-docs/student-expert-unresolved-hover.jpg\"\n            },\n            {\n                \"note\": \"This time you're going to use an environment for the variable. At the top-right of the request area, click the eye button and choose **Add** or use **Environments** on the left if you're on the web version of Postman. Choose a name and add a variable with the name `player_id`—leaving the value blank for now.\",\n                \"pic\": \"https://assets.postman.com/postman-docs/student-expert-new-env-open.jpg\"\n            },\n            {\n                \"note\": \"Select your new environment from the drop-down list at the top-right to make it the _active_ environment. You will see the environment name displayed and can now access it directly using the eye button.\"\n            },\n            {\n                \"note\": \"Instead of setting the variable value manually, you're going to set it using a script added to the previous request so that it uses a random player selected from the response there. Open the `Get all players` request and after your existing **Tests** code add the following:\",\n                \"js_code\": [\n                    \"var player_list=pm.response.json().data.players;\",\n                    \"pm.environment.set('player_id', player_list[Math.floor(Math.random() * player_list.length)].id);\"\n                ]\n            },\n            {\n                \"note\": \"**Save** and **Send** the `Get all players` request again then return here. Hover over the **Params** variable in **Value** to see if the variable now has a value set.\",\n                \"pic\": \"https://assets.postman.com/postman-docs/student-expert-var-resolved.jpg\"\n            }\n        ],\n        \"next\": [\n            {\n                \"step\": \"Try sending the `Get specific player` request now that the value is set.\"\n            }\n        ]\n    }\n}"},{"id":"ac6463cb-8553-4ca7-8704-e9097dbb2627","name":"Get specific player","originalRequest":{"method":"GET","header":[],"url":{"raw":"{{mock_url}}/player?id=1","host":["{{mock_url}}"],"path":["player"],"query":[{"key":"id","value":"1"}]}},"status":"OK","code":200,"_postman_previewlanguage":"json","header":[{"key":"Date","value":"Tue, 09 Mar 2021 14:27:44 GMT"},{"key":"Content-Type","value":"application/json; charset=utf-8"},{"key":"Transfer-Encoding","value":"chunked"},{"key":"Connection","value":"keep-alive"},{"key":"Server","value":"nginx"},{"key":"x-srv-trace","value":"v=1;t=631ad174021c302f"},{"key":"x-srv-span","value":"v=1;s=ba6742f8f9c79de2"},{"key":"Access-Control-Allow-Origin","value":"*"},{"key":"X-RateLimit-Limit","value":"120"},{"key":"X-RateLimit-Remaining","value":"119"},{"key":"X-RateLimit-Reset","value":"1615300124"},{"key":"ETag","value":"W/\"b3b-/27Wq+ItE8q2nPIJH0SMIdK1ns4\""},{"key":"Vary","value":"Accept-Encoding"},{"key":"Content-Encoding","value":"gzip"}],"cookie":[],"responseTime":null,"body":"{\n    \"welcome\": \"Welcome! Check out the 'data' object below to see the values returned by the API. Click **Visualize** to see the 'tutorial' data for this request in a more readable view.\",\n    \"data\": {\n        \"name\": \"{{$randomFirstName}}\",\n        \"played\": {{$randomInt}}\n    },\n    \"tutorial\": {\n        \"title\": \"Pre-request scripts\",\n        \"intro\": \"Your request successfully specified a player to retrieve using their ID.\",\n        \"steps\": [\n            {\n                \"note\": \"The request returned the following (random mock) data:\",\n                \"ref_data\": \"data\"\n            },\n            {\n                \"note\": \"The way the request is set up now, the parameter only has a value after the first request runs, but we can also give it a default value when that hasn't happened. Temporarily deselect the environment, so that **No Environment** is selected in the drop-down list. In the request **Pre-request script** add the following code:\",\n                \"js_code\": [\n                    \"if(!pm.variables.get('player_id')) pm.variables.set('player_id', -1);\"\n                ]\n            },\n            {\n                \"note\": \"It sets a default value of `-1` only if there is not a value set yet. Hover over the **Param**—the variable is unresolved. **Send** the request again and check the console to see that `-1` was sent.\",\n                \"pic\": \"https://assets.postman.com/postman-docs/student-expert-open-console-web.jpg\"\n            },\n            {\n                \"note\": \"Select the environment you created again from the drop-down list and hover over the var again—now it should again have the value from the var you set from the first request.\"\n            }\n        ],\n        \"next\": [\n            {\n                \"step\": \"Before you continue with scripting, add a description to this request—the description will appear within the collection documentation, which you would use if you were e.g. publishing an API for public use. In the Postman app, at the top of this request tab, to the left of the request name, expand and and click to edit. Add a short description of the request (you can use markdown) and click **Save**. If you're using the web version, use the little documentation icon to the right of the request.\",\n                \"pic\": \"https://assets.postman.com/postman-docs/student-expert-add-description-web.jpg\"\n            },\n            {\n                \"step\": \"From the app, open the collection on the left using the arrow &#9658; button and click **View in web** to see your description in the collection docs (in the browser). On the web you will see your docs appear inline. You can add descriptions to each request, to the collection as a whole, and to various other components.\"\n            },\n            {\n                \"step\": \"Open the next request `Get stats` and click **Send**.\"\n            }\n        ]\n    }\n}"}]},{"name":"Get stats","event":[{"listen":"test","script":{"id":"78967051-1f72-44c4-8f9d-c014f780eca0","exec":["pm.test('Status code is 200', function () {","    pm.response.to.have.status(200); ","});",""],"type":"text/javascript"}}],"id":"5e38b26a-eee2-474d-b7bd-290ae4dfc71d","protocolProfileBehavior":{"disableBodyPruning":true},"request":{"method":"GET","header":[],"url":{"raw":"{{mock_url}}/stats","host":["{{mock_url}}"],"path":["stats"]}},"response":[{"id":"ffa02e95-0f83-4b7e-a15d-df7c212da007","name":"Get stats","originalRequest":{"method":"GET","header":[],"url":{"raw":"{{mock_url}}/stats","host":["{{mock_url}}"],"path":["stats"]}},"status":"OK","code":200,"_postman_previewlanguage":"json","header":[{"key":"Date","value":"Tue, 09 Mar 2021 14:27:59 GMT"},{"key":"Content-Type","value":"application/json; charset=utf-8"},{"key":"Transfer-Encoding","value":"chunked"},{"key":"Connection","value":"keep-alive"},{"key":"Server","value":"nginx"},{"key":"x-srv-trace","value":"v=1;t=05dacd4068f124e7"},{"key":"x-srv-span","value":"v=1;s=1a73a5895ca7eff4"},{"key":"Access-Control-Allow-Origin","value":"*"},{"key":"X-RateLimit-Limit","value":"120"},{"key":"X-RateLimit-Remaining","value":"118"},{"key":"X-RateLimit-Reset","value":"1615300124"},{"key":"ETag","value":"W/\"1303-XmF1l5e5WVGPv+l9If9Pfv+rx28\""},{"key":"Vary","value":"Accept-Encoding"},{"key":"Content-Encoding","value":"gzip"}],"cookie":[],"responseTime":null,"body":"{\n    \"welcome\": \"Welcome! Check out the 'data' object below to see the values returned by the API. Click **Visualize** to see the 'tutorial' data for this request in a more readable view.\",\n    \"data\": {\n        \"won\": 9,\n        \"lost\": 3,\n        \"drew\": 4\n    },\n    \"tutorial\": {\n        \"title\": \"Running collections\",\n        \"intro\": \"This request returned some team stats—this time you'll add scripting to use with the collection runner.\",\n        \"steps\": [\n            {\n                \"note\": \"This is the data returned by the request:\",\n                \"raw_data\": {\n                    \"won\": 9,\n                    \"lost\": 3,\n                    \"drew\": 4\n                }\n            },\n            {\n                \"note\": \"First add some test code to each of the three requests in this folder so that you can review them in the collection runner. You already had code in the `Get all players` request—make sure you save the request so that the collection runner uses that code. Add the same status code test you used earlier to the `Get specific player` **Tests** and **Save** the request. Do the same in this request if you like too.\",\n                \"js_code\": [\n                    \"pm.test('Status code is 200', function () {\",\n                    \"    pm.response.to.have.status(200); \",\n                    \"});\"\n                ]\n            },\n            {\n                \"note\": \"Now add a slightly more complex test to this request (`Get stats`) to check that the array includes all of the required stats fields (remember to **Save** the request), then send it, check the **Test Results**, and come back here.\",\n                \"js_code\": [\n                    \"pm.test('Stats include all fields', function () {\",\n                    \"    var jsonData = pm.response.json().data;\",\n                    \"    pm.expect(jsonData).to.have.all.keys('won', 'lost', 'drew');\",\n                    \"});\"\n                ]\n            },\n            {\n                \"note\": \"Earlier you added code to set a variable from response data, but you had to run the two requests in order manually—you can use the Postman collection runner to run sequences of request in a collection. In the app, click **Runner**, select the Student Training collection **and the `2. Scripting and Collection Runs` folder**, select the environment you used earlier, and run the collection. If you're on the web version of Postman, select the `2. Scripting and Collection Runs` folder on the left and click **Run**.\",\n                \"pic\": \"https://assets.postman.com/postman-docs/student-expert-runner-web.jpg\"\n            }\n        ],\n        \"next\": [\n            {\n                \"step\": \"You should see your test results output including passed and failed status. _Note that you can also use the **Console** at the bottom left to drill down into requests and responses._\",\n                \"pic\": \"https://assets.postman.com/postman-docs/student-expert-runner-output-web.jpg\"\n            },\n            {\n                \"step\": \"Finally, you're going to use additional scripting to change the request execution order. In the **Tests** tab for the `Get specific player` request, add the following code. The `played` number is a random int between 0-1000, so the code sets Postman up to re-run the collection from the `Get all players` request however many times it takes to find a `played` value greater than 750. Check out where the `played` field appears in the response by opening **Body** > **Pretty** in the request. **Save** the request.\",\n                \"js_code\": [\n                    \"if(pm.response.json().data.played<750) postman.setNextRequest('Get all players');\"\n                ]\n            },\n            {\n                \"step\": \"With all of your requests saved, open the collection runner again, and click the run you ran earlier from the **Recent Runs** list. Click **Retry** to run your collection again—it might run a different number of times whenever you run it depending on how long it takes to hit that >750 played value. Try clicking **Retry** a few times to see how it behaves differently each time (note that you only ran one iteration but built a loop workflow using `setNextRequest`—you can explicitly set the number of iterations when you set the run up instead of leaving it to chance like you did here).\",\n                \"pic\": \"https://assets.postman.com/postman-docs/student-expert-runner-result-web.jpg\"\n            },\n            {\n                \"step\": \"You've worked through the Postman Student Expert training collection! 🤓😎🥳 To complete your training, open the final folder in the collection **3. Check Progress** &gt; open the **Skill check** request, and hit **Send**. Complete the steps listed in the **Visualize** view until you get a success response.\"\n            }\n        ]\n    }\n}"}]}],"id":"1e6bf59b-bd90-4961-b2f8-0e2ee6166f68"},{"name":"3. Check Progress","item":[{"name":"Skill check","event":[{"listen":"test","script":{"id":"d564cd3a-2346-43b8-8e2d-ad5b679ee9e4","exec":["var jsonData = JSON.parse(responseBody);","pm.test('skills check', function () {","pm.environment.set('responseData', jsonData.rand);","console.log(jsonData.rand)","})","",""],"type":"text/javascript"}}],"id":"38a6c6ce-af16-4bff-a2a3-1f28906f3a75","protocolProfileBehavior":{"disableBodyPruning":true},"request":{"auth":{"type":"apikey","apikey":[{"key":"value","value":"loads","type":"string"},{"key":"key","value":"auth_key","type":"string"}]},"method":"POST","header":[{"key":"user-id","value":"{{userId}}","type":"text","description":"plz don't edit or remove this header"},{"key":"course","value":"{{myCourse}}","type":"text","description":"plz don't edit or remove this header"},{"key":"response-value","value":"{{responseData}}","type":"text","description":"plz don't edit or remove this header"}],"body":{"mode":"raw","raw":"\n{\n    \"name\": \"Kanchan Jeswani\"\n}","options":{"raw":{"language":"json"}}},"url":{"raw":"postman-skill-checker.glitch.me/skills?email=kanchanjeswani2000@gmail.com&{{myCourse}}=Learning it to explore the  intermediary that allows two applications to talk to each other. ","host":["postman-skill-checker","glitch","me"],"path":["skills"],"query":[{"key":"email","value":"kanchanjeswani2000@gmail.com"},{"key":"{{myCourse}}","value":"Learning it to explore the  intermediary that allows two applications to talk to each other. "}]},"description":"Hit **Send**, complete each requirement and keep sending until you get a success response!"},"response":[]},{"name":"Test collection","event":[{"listen":"test","script":{"id":"b08d8011-f64d-4ca4-8a9a-0c2b250e405a","exec":["//auth details at collection level","let authObj = pm.response.json().auth;","//request array","let requestArr = pm.response.json().item[0].item;","//mock array ","let mockArr = pm.response.json().item[1].item;","//checks array","let checksArr = pm.response.json().item[2].item; ","","//info","pm.test(\"Once all of your tests are passing, save your collection, update the link via the Share flow, and submit it: bit.ly/student-expert-submission\", () =>{","    pm.expect(true).to.eql(true);","});","","//collection name is correct","let nameCorrect=false;","pm.test('Correct collection name', () => {","    let studIndex = pm.response.json().info.name.indexOf(\"Student expert\");","    let classIndex = pm.response.json().info.name.indexOf(\"Classroom\");","    nameCorrect = studIndex>-1 || classIndex>-1;","    pm.expect(nameCorrect).to.eql(true);","});","","//used auth","pm.test(\"Authorized requests\", () => {","    pm.expect(authObj).to.be.an(\"object\");","    pm.expect(authObj).to.have.property(\"apikey\"); ","    console.log(authObj);","});","","//used all required methods","pm.test(\"Used GET, POST, PUT, DELETE methods\", () => {","    //first folder should have all methods in requests","    let methArr = requestArr.map(value => value.request.method); ","    console.log(methArr);","    pm.expect(methArr).to.include.members([\"GET\", \"POST\", \"PUT\", \"DELETE\"]);","});","","//used params - query and path","pm.test(\"Used query and path parameters\", () => {","    //first folder should have query","    let queryArr = requestArr.filter(value => value.request.url.query).map(value => value.request.url.query);","    console.log(queryArr);","    pm.expect(queryArr).to.have.length.of.above(0);","    //first folder should also have path","    let pathArr = requestArr.filter(value => value.request.url.path).map(value => value.request.url.path);","    var pathParams = pathArr.flat().filter(p => p.startsWith(':')); ","    console.log(pathParams);","    pm.expect(pathParams).to.have.length.of.above(0);","});","","//sent body","pm.test(\"Sent body data\", () => {","    //first folder should have a body","    let bodyArr = requestArr.filter(value => value.request.body).map(value => value.request.body); ","    console.log(bodyArr);","    pm.expect(bodyArr).to.have.length.of.above(0);","});","","//used vars","pm.test(\"Used variables\", () => {","    //should be a var reference in query param for mock folder","    let varsArr = mockArr.filter(value => value.request.url.query).map(value => value.request.url.query);","    let queries = varsArr.flat().filter(value => value.value).map(value => value.value);","    var queryVars = queries.filter(p => encodeURI(p).indexOf('%7B%7B')>-1); ","    console.log(queryVars);","    pm.expect(queryVars).to.have.length.of.above(0);","    //base path for main folder should also use var","    //url is object when path or query param, string otherwise","    let addresses = requestArr.filter(value => value.request.url.raw ? value.request.url.raw : value.request.url).map(value => value.request.url.raw ? value.request.url.raw : value.request.url);","    var addressVars = addresses.filter(p => encodeURI(p).indexOf('%7B%7B')>-1); ","    console.log(addressVars);","    pm.expect(addressVars).to.have.length.of.above(0);","    //auth should also use var","    pm.expect(encodeURI(authObj.apikey.value).indexOf('%7B%7B')).to.be.above(-1);","","});","","//assed description","pm.test(\"Added request description\", () => {","    //second folder should have a description","    let descArr = mockArr.filter(value => value.request.description).map(value => value.request.description);","    console.log(descArr);","    pm.expect(descArr).to.have.length.of.above(0);","});","","//set var from script and next request - make it env var so we check that too","pm.test(\"Set env variable from script and set next request\", () => {","    //second folder should have set var and next req","    let testsArr = mockArr.filter(value => value.event).map(value => value.event); ","    console.log(testsArr);","    let execArr = testsArr.flat().filter(value => value.script.exec).map(value => value.script.exec); ","    var setsVars = execArr.flat().filter(p => p.indexOf('environment.set(')>-1); ","    console.log(setsVars);","    pm.expect(setsVars).to.have.length.of.above(0);","    var setsReqs = execArr.flat().filter(p => p.indexOf('.setNextRequest')>-1); ","    console.log(setsReqs);","    pm.expect(setsReqs).to.have.length.of.above(0);","});","//add skill check test","pm.test('Skills checked', () =>{","    var vars = pm.response.json().variable.map(value => value.key);","    pm.expect(vars).to.include('skilled');","});","//check pulled response property","pm.test('Skill check code retrieving set var value from response property', () => {","    //need to make sure set var from response json in skill check request - third folder","        //need to make sure set var from response json in skill check request - third folder","    let scr = JSON.stringify(checksArr[0].event[0].script);","    let resParse = scr.indexOf('pm.response.json')>-1 || scr.indexOf('.rand')>-1;","    pm.expect(resParse).to.be.true;","});"],"type":"text/javascript"}}],"id":"9ea438af-ff5d-40e9-ae87-c11a5988013e","protocolProfileBehavior":{"disableBodyPruning":true},"request":{"method":"GET","header":[],"body":{"mode":"raw","raw":"","options":{"raw":{"language":"json"}}},"url":{"raw":"https://www.postman.com/flight-saganist-40508276/workspace/kanchan-jeswani/collection/15344829-9aed2265-fc18-4051-b81a-5d5dedce7d96","protocol":"https","host":["www","postman","com"],"path":["flight-saganist-40508276","workspace","kanchan-jeswani","collection","15344829-9aed2265-fc18-4051-b81a-5d5dedce7d96"]},"description":"Paste your collection public link in as the address and send, checking the test results to see if you completed this step."},"response":[]}],"id":"208efd1b-43e8-4ec8-ba15-cda88ff49b5a","event":[{"listen":"prerequest","script":{"id":"90d57846-fa74-4431-921d-43b3cef45a00","type":"text/javascript","exec":["var uID = pm.collectionVariables.get(\"userId\");","if(!uID)","    pm.collectionVariables.set(\"userId\", pm.variables.replaceIn('{{$guid}}'));",""]}},{"listen":"test","script":{"id":"e41bde3e-412a-4066-b264-e8b9b2df14b2","type":"text/javascript","exec":["var template = `","<!--showdown for converting md to html-->","    <script src=\"https://cdnjs.cloudflare.com/ajax/libs/showdown/1.9.1/showdown.min.js\"></script>","    <script type=\"text/javascript\">","        function getContent(orig){","            var converter = new showdown.Converter(), text = orig, html = converter.makeHtml(text);","            return html;","        }","    </script>","<h1>{{response.title}}</h1>","<p>","<script type=\"text/javascript\">","    document.write(getContent(\"{{response.intro}}\"));","</script>","</p>","<div id='skills'></div>","<script type=\"text/javascript\">","pm.getData(function(error, data) {","    let skills=data.response.skills; let i; let skillList=\"\"; console.log(skills.length)","    for(i=0; i<skills.length; i++){","        let done = skills[i].value ? \"&#9989;\" : \"&#10060;\"","        skillList+=\"<strong>\"+skills[i].name+\"</strong> \"+done+\"<br/>\"+skills[i].hint+\"<br/>\";","    }","    document.getElementById('skills').innerHTML=skillList;","});","</script>","`;","","// Set visualizer","pm.visualizer.set(template, {","    // Pass the response body parsed as JSON as `data`","    response: pm.response.json()","});","","if(pm.response.json().done) pm.collectionVariables.set('skilled', true);"]}}]},{"name":"4. Remove match","id":"f8985aca-a30d-4385-99e2-54b9919d3087","protocolProfileBehavior":{"disableBodyPruning":true},"request":{"method":"DELETE","header":[],"url":{"raw":"{{training_api}}/match/:match_id","host":["{{training_api}}"],"path":["match",":match_id"],"variable":[{"id":"06a8c1be-093e-4da0-8f9e-b07d28d5561b","key":"match_id","value":"c8GRQOqOK"}]}},"response":[]}],"auth":{"type":"apikey","apikey":[{"key":"key","value":"match_key","type":"string"},{"key":"value","value":"{{email_key}}","type":"string"}]},"event":[{"listen":"prerequest","script":{"id":"5d41d944-3437-4556-9d79-c2809ef1bc69","type":"text/javascript","exec":[""]}},{"listen":"test","script":{"id":"4cef2431-8706-4503-ab45-a17e3de3a6e6","type":"text/javascript","exec":["var template = `","    <!--showdown for converting md to html-->","    <script src=\"https://cdnjs.cloudflare.com/ajax/libs/showdown/1.9.1/showdown.min.js\"></script>","    <script type=\"text/javascript\">","        function getContent(orig){","            var converter = new showdown.Converter(), text = orig, html = converter.makeHtml(text);","            return html;","        }","    </script>","    ","    <!--syntax highlighting-->","    <link rel=\"stylesheet\" href=\"https://cdnjs.cloudflare.com/ajax/libs/highlight.js/10.0.0/styles/default.min.css\">","    <script src=\"https://cdnjs.cloudflare.com/ajax/libs/highlight.js/10.0.0/highlight.min.js\"></script>","    <link rel=\"stylesheet\" href=\"https://cdnjs.cloudflare.com/ajax/libs/highlight.js/10.0.0/styles/googlecode.min.css\">","    ","    <!--generic styles-->","    <style type=\"text/css\">","    #notes p, #next p {padding-left:20px; border-left:2px solid #333333; }","    #notes, #next {padding-right:20px;}","    img {max-width:600px; padding-left:20px; padding-bottom:20px;}","    </style>","","    <h2 style=\"color: {{status}}\">{{response.tutorial.title}}</h2>","    ","    <div id=\"intro\"></div>","","    <div id=\"notes\"></div>","    ","    {{#if response.tutorial.next}}","    <h3>Next</h3>","    <div id=\"next\"></div>","    {{/if}}","    ","    <script type=\"text/javascript\">","        if(\"{{response.tutorial.rip}}\".length>0)","            document.write(getContent(\"{{response.tutorial.rip}}\"));","    </script>","    ","    <script type=\"text/javascript\">","        if(\"{{response.tutorial.pic}}\".length>0)","            document.write(\"<img src='{{response.tutorial.pic}}' alt='postman steps'/>\");","    </script>","","    <!--content to process before rendering-->","    <script type=\"text/javascript\">","        pm.getData(function(error, data) {","            var tut = data.response.tutorial;","            if(tut){","                if(tut.steps){","                    var i; ","                    var infoArray = tut.steps;","                    var notes=\"<div id='notes'>\";","                    for(i=0; i<infoArray.length; i++){","                        notes+=getContent(infoArray[i].note);","                        if(infoArray[i].raw_data){","                            notes+=\"<pre style='padding-left:20px'><code class='json'>\"+JSON.stringify(infoArray[i].raw_data, null, 2)+\"</code></pre>\";","                        }","                        if(infoArray[i].js_code){","                            var c;","                            notes+=\"<pre style='padding-left:20px'><code class='js'>\";","                            for(c=0; c<infoArray[i].js_code.length; c++)","                                notes+=infoArray[i].js_code[c]+\"<br/>\";","                            notes+=\"</code></pre>\";","                        }","                        if(infoArray[i].ref_data){","                            notes+=\"<pre style='padding-left:20px'><code class='json'>\"+JSON.stringify(data.response[infoArray[i].ref_data], null, 2)+\"</code></pre>\";","                        }","                        if(infoArray[i].pic)","                            notes+=\"<img src='\"+infoArray[i].pic+\"' alt='postman steps'/>\";","                    }","                    notes+=\"</div>\"","                    document.getElementById(\"notes\").innerHTML=notes;","                }","                document.getElementById(\"intro\").innerHTML=getContent(tut.intro);","                if(tut.next){","                    var nextDiv=document.getElementById(\"next\");","                    var n;","                    var nextContent=\"\";","                    var nextArray=tut.next;","                    for(n=0; n<nextArray.length; n++){","                        nextContent+=getContent(nextArray[n].step);","                        if(nextArray[n].raw_data){","                            nextContent+=\"<pre style='padding-left:20px'><code class='json'>\"+JSON.    stringify(nextArray[n].raw_data, null, 2)+\"</code></pre>\";","                        }","                        if(nextArray[n].js_code){","                            var c;","                            nextContent+=\"<pre style='padding-left:20px'><code class='js'>\";","                            for(c=0; c<nextArray[n].js_code.length; c++)","                                nextContent+=nextArray[n].js_code[c];","                            nextContent+=\"</code></pre>\";","                        }","                        if(nextArray[n].pic)","                            nextContent+=\"<img src='\"+nextArray[n].pic+\"' alt='postman steps'/>\";","                    }","                    nextDiv.innerHTML=getContent(nextContent);","                }","            }","            hljs.initHighlighting();","        });","    </script>","`;","if (pm.response.headers.get(\"Content-Type\").includes(\"json\")) {","  pm.visualizer.set(template, {","    response: pm.response.json(),","    status: (\"\" + pm.response.code).startsWith(\"4\") ? \"#cc0000\" : \"#000000\"","  });","} else if (pm.response.headers.get(\"Content-Type\").includes(\"html\")) {","  pm.visualizer.set(`{{info}}`, {","    info:","      \"Hmm this seems to be HTML and not JSON - you might have hit an invalid endpoint - undo your changes, or close the request without saving and try opening / sending it again!\"","  });","}"]}}],"variable":[{"id":"6cc75bd4-cbb5-43ea-9670-24cf0b6266ed","key":"mock_url","value":"https://6d338fbc-93bd-456e-85a0-818bd4cd3177.mock.pstmn.io"},{"id":"dd58c14e-af3d-45dc-9345-56f0fca0b5f6","key":"{{email_key}}","value":"kanchanjeswani2000@gmail.com"},{"id":"8beccbe3-8215-4a89-96e7-981ae42dece6","key":"training_api","value":"postman-student-expert.glitch.me"},{"id":"7d641ac0-c8b2-4956-8ca3-d8b9b5ba7928","key":"email_key","value":"kanchanjeswani2000@gmail.com"},{"id":"55079822-64f7-4213-9746-a7e57fef1ea9","key":"userId","value":""},{"id":"966fe373-ed7b-408d-995d-576619271398","key":"myCourse","value":"myCourse"}]}