{"info":{"_postman_id":"bbb1f2df-d3b5-47dd-b81e-a3f3b3d0e433","name":"API Collection","schema":"https://schema.getpostman.com/json/collection/v2.1.0/collection.json"},"item":[{"name":"Change Password","id":"ec55776e-7e22-4b5e-8b06-aa7d94518d5f","protocolProfileBehavior":{"disableBodyPruning":true},"request":{"method":"GET","header":[],"url":{"raw":"https://api.msg91.com/api/password.php?authkey=YourAuthKey&password=password&newpass=newpassword&new_pass2=confirmpass","protocol":"https","host":["api","msg91","com"],"path":["api","password.php"],"query":[{"key":"authkey","value":"YourAuthKey"},{"key":"password","value":"password"},{"key":"newpass","value":"newpassword"},{"key":"new_pass2","value":"confirmpass"}]}},"response":[]},{"name":"Check Balance","id":"5c00ded4-ebd3-443a-b01a-f7daebb24f38","protocolProfileBehavior":{"disableBodyPruning":true},"request":{"method":"GET","header":[],"url":{"raw":"https://control.msg91.com/api/balance.php?authkey=YourAuthKey&type=4","protocol":"https","host":["control","msg91","com"],"path":["api","balance.php"],"query":[{"key":"authkey","value":"YourAuthKey"},{"key":"type","value":"4"}]}},"response":[]},{"name":"Longcode Balance","id":"bb1542f6-043a-44a3-bd09-51a1b948faab","protocolProfileBehavior":{"disableBodyPruning":true},"request":{"method":"GET","header":[],"url":{"raw":"https://api.msg91.com/api/longcodeBalance.php?authkey=$authkey&type=4","protocol":"https","host":["api","msg91","com"],"path":["api","longcodeBalance.php"],"query":[{"key":"authkey","value":"$authkey"},{"key":"type","value":"4"}]}},"response":[]},{"name":"Opt Out","id":"033de4d2-42e6-4115-a5ba-d936679ac008","protocolProfileBehavior":{"disableBodyPruning":true},"request":{"method":"GET","header":[],"url":{"raw":"https://api.msg91.com/api/optout.php?authkey=YourAuthKey","protocol":"https","host":["api","msg91","com"],"path":["api","optout.php"],"query":[{"key":"authkey","value":"YourAuthKey"}]}},"response":[]},{"name":"Send SMS (Get)","id":"c40ec18a-e813-4427-97f7-dc9beb5ac794","protocolProfileBehavior":{"disableBodyPruning":true},"request":{"method":"GET","header":[],"url":{"raw":"https://api.msg91.com/api/sendhttp.php?authkey=YourAuthKey&mobiles=MobileNumber&country=91&message=Hello! This is a test message&sender=TESTIN&route=4","protocol":"https","host":["api","msg91","com"],"path":["api","sendhttp.php"],"query":[{"key":"authkey","value":"YourAuthKey"},{"key":"mobiles","value":"MobileNumber"},{"key":"country","value":"91"},{"key":"message","value":"Hello! This is a test message"},{"key":"sender","value":"TESTIN"},{"key":"route","value":"4"}]}},"response":[]},{"name":"Send OTP V5","id":"58b474c0-63f8-4471-b533-8348ed1ff132","protocolProfileBehavior":{"disableBodyPruning":true},"request":{"method":"POST","header":[],"url":{"raw":"https://api.msg91.com/api/v5/otp?invisible=1&authkey=YourAuthKey&mobile=MobileNumber&template_id=TemplateID","protocol":"https","host":["api","msg91","com"],"path":["api","v5","otp"],"query":[{"key":"invisible","value":"1"},{"key":"otp","value":"OTP to send and verify. If not sent, OTP will be generated.","disabled":true},{"key":"userip","value":"IPV4 User IP","disabled":true},{"key":"authkey","value":"YourAuthKey"},{"key":"email","value":"EmailID","disabled":true},{"key":"mobile","value":"MobileNumber"},{"key":"template_id","value":"TemplateID"}]}},"response":[]},{"name":"Resend OTP V5","id":"817c094f-2d23-4f27-b22f-24b42f40dd5f","protocolProfileBehavior":{"disableBodyPruning":true},"request":{"method":"POST","header":[],"url":{"raw":"https://api.msg91.com/api/v5/otp/retry?authkey=YourAuthKey&mobile=MobileNumber&retrytype=voice","protocol":"https","host":["api","msg91","com"],"path":["api","v5","otp","retry"],"query":[{"key":"authkey","value":"YourAuthKey"},{"key":"mobile","value":"MobileNumber"},{"key":"retrytype","value":"voice"}]}},"response":[]},{"name":"Verify OTP V5","id":"bc24dcad-0341-4a2e-abf0-b2a72aeac228","protocolProfileBehavior":{"disableBodyPruning":true},"request":{"method":"POST","header":[],"url":{"raw":"https://api.msg91.com/api/v5/otp/verify?otp=OTP&authkey=AuthenticationKey&mobile=MobileNumber","protocol":"https","host":["api","msg91","com"],"path":["api","v5","otp","verify"],"query":[{"key":"otp","value":"OTP"},{"key":"authkey","value":"AuthenticationKey"},{"key":"mobile","value":"MobileNumber"}]}},"response":[]},{"name":"Send OTP V5 (Extra Params)","id":"b548c0fd-59c8-4678-bce3-2124a2820812","protocolProfileBehavior":{"disableBodyPruning":true},"request":{"method":"POST","header":[],"url":{"raw":"http://control.msg91.com/api/v5/otp?authkey=YourAuthKey&sender=SenderID&template_id=TemplateID&extra_param={ \"Key\":\"Value\"}&mobiles=MobileNumber","protocol":"http","host":["control","msg91","com"],"path":["api","v5","otp"],"query":[{"key":"authkey","value":"YourAuthKey"},{"key":"sender","value":"SenderID"},{"key":"template_id","value":"TemplateID"},{"key":"extra_param","value":"{ \"Key\":\"Value\"}"},{"key":"mobiles","value":"MobileNumber"}]}},"response":[]},{"name":"Send SMS V2","id":"e7c5a08f-58bd-406e-af15-74ceade9cee3","protocolProfileBehavior":{"disableBodyPruning":true},"request":{"method":"POST","header":[{"key":"authkey","value":"258613A9jWgIEp05c4ec386","type":"text"},{"key":"Content-Type","value":"application/json","type":"text"}],"body":{"mode":"raw","raw":"{\n  \"sender\": \"SOCKET\",\n  \"route\": \"4\",\n  \"country\": \"91\",\n  \"unicode\": \"1\",\n  \"sms\": [\n    {\n      \"message\": \"Test Message\",\n      \"to\": [\n        \"7000535035\"\n      ]\n    }\n  ]\n}"},"url":{"raw":"https://api.msg91.com/api/v2/sendsms","protocol":"https","host":["api","msg91","com"],"path":["api","v2","sendsms"]}},"response":[]}]}