{"info":{"_postman_id":"cc7affb3-b53f-4405-8af4-d2293501afed","name":"neil","schema":"https://schema.getpostman.com/json/collection/v2.1.0/collection.json"},"item":[{"name":"processes","id":"f926425f-5609-4c1c-8a26-cf307d89d5aa","protocolProfileBehavior":{"disableBodyPruning":true},"request":{"auth":{"type":"basic","basic":[{"key":"username","value":"mindnerves.tester@mailinator.com","type":"string"},{"key":"password","value":"Mind@1234","type":"string"}]},"method":"GET","header":[],"url":{"raw":"{{url}}/api/v1/cards/processes","host":["{{url}}"],"path":["api","v1","cards","processes"],"query":[{"key":"opt_key","value":"gwp","disabled":true},{"key":"no_recomm","value":"5","disabled":true},{"key":"exclude_subs","value":"true","disabled":true}]}},"response":[]},{"name":"cards/rids?rids=","id":"7ecbc871-3621-4be7-9f1e-213cfc6983e1","protocolProfileBehavior":{"disableBodyPruning":true},"request":{"auth":{"type":"basic","basic":[{"key":"username","value":"mindnerves.tester@mailinator.com","type":"string"},{"key":"password","value":"Mind@1234","type":"string"}]},"method":"GET","header":[],"url":{"raw":"{{url}}/api/v1/cards/rids?rids=42:48069","host":["{{url}}"],"path":["api","v1","cards","rids"],"query":[{"key":"opt_key","value":"gwp","disabled":true},{"key":"no_recomm","value":"5","disabled":true},{"key":"exclude_subs","value":"true","disabled":true},{"key":"rids","value":"42:48069"}]}},"response":[]},{"name":"folder/mysite-everything?page=1","id":"417c3111-7740-4ec2-a19c-d1ef39f4d92e","protocolProfileBehavior":{"disableBodyPruning":true},"request":{"auth":{"type":"basic","basic":[{"key":"username","value":"mindnerves.tester@mailinator.com","type":"string"},{"key":"password","value":"Mind@1234","type":"string"}]},"method":"GET","header":[],"url":{"raw":"{{url}}/api/v1/cards/rids?rids=42:48069","host":["{{url}}"],"path":["api","v1","cards","rids"],"query":[{"key":"opt_key","value":"gwp","disabled":true},{"key":"no_recomm","value":"5","disabled":true},{"key":"exclude_subs","value":"true","disabled":true},{"key":"rids","value":"42:48069"}]}},"response":[]},{"name":"graph","id":"1f657084-938d-4680-824a-57a22e9c2ce3","protocolProfileBehavior":{"disableBodyPruning":true},"request":{"auth":{"type":"basic","basic":[{"key":"username","value":"mindnerves.tester@mailinator.com","type":"string"},{"key":"password","value":"Mind@1234","type":"string"}]},"method":"GET","header":[],"body":{"mode":"raw","raw":"{\"key\":\"158:1059\",\"layer\":\"company\",\"data\":{\"pins\":[{\"label\":\"traverse entire BOM\",\"tuple\":{},\"type\":\"boundarymod-bom\",\"hidden\":true,\"info\":{\"name\":\"traverse entire BOM\"},\"version\":\"1.0\",\"pinid\":10012577794658340}],\"node\":{\"name\":\"Soap\",\"type\":\"Product Group\",\"rid\":\"158:1059\"}},\"grid\":false}","options":{"raw":{"language":"json"}}},"url":{"raw":"http://dev.localhost:5000/api/v1/graph/158:1059?layer=company&grid=false","protocol":"http","host":["dev","localhost"],"port":"5000","path":["api","v1","graph","158:1059"],"query":[{"key":"opt_key","value":"gwp","disabled":true},{"key":"no_recomm","value":"5","disabled":true},{"key":"exclude_subs","value":"true","disabled":true},{"key":"layer","value":"company"},{"key":"grid","value":"false"}]}},"response":[]},{"name":"mail link","id":"36ad99e2-3e2f-49f0-b929-2da4331d33ab","protocolProfileBehavior":{"disableBodyPruning":true},"request":{"auth":{"type":"basic","basic":[{"key":"username","value":"mindnerves.tester@mailinator.com","type":"string"},{"key":"password","value":"Mind@1234","type":"string"}]},"method":"GET","header":[],"url":{"raw":"http://dev.localhost:5000/composer/metadata/331:243","protocol":"http","host":["dev","localhost"],"port":"5000","path":["composer","metadata","331:243"],"query":[{"key":"opt_key","value":"gwp","disabled":true},{"key":"no_recomm","value":"5","disabled":true},{"key":"exclude_subs","value":"true","disabled":true}]}},"response":[]},{"name":"composer/route/346:95?show_all","id":"c7a3020c-705b-4811-ac9d-01146203ffaf","protocolProfileBehavior":{"disableBodyPruning":true},"request":{"auth":{"type":"basic","basic":[{"key":"username","value":"mindnerves.tester@mailinator.com","type":"string"},{"key":"password","value":"Mind@1234","type":"string"}]},"method":"PUT","header":[],"body":{"mode":"raw","raw":"{\"rid\":\"331:285\",\"action\":\"approve\"}","options":{"raw":{"language":"json"}}},"url":{"raw":"{{url}}/api/v1/report/stored/331:285/approve","host":["{{url}}"],"path":["api","v1","report","stored","331:285","approve"],"query":[{"key":"opt_key","value":"gwp","disabled":true},{"key":"no_recomm","value":"5","disabled":true},{"key":"exclude_subs","value":"true","disabled":true}]}},"response":[]},{"name":"composer/route/346:95?show_all Copy","id":"e0a5e62b-4d87-4576-984a-8cc0d84c6ed3","protocolProfileBehavior":{"disableBodyPruning":true},"request":{"auth":{"type":"basic","basic":[{"key":"username","value":"mindnerves.tester@mailinator.com","type":"string"},{"key":"password","value":"Mind@1234","type":"string"}]},"method":"GET","header":[],"url":{"raw":"http://dev.localhost:5000/api/v1/composer/route/346:95?show_all","protocol":"http","host":["dev","localhost"],"port":"5000","path":["api","v1","composer","route","346:95"],"query":[{"key":"opt_key","value":"gwp","disabled":true},{"key":"no_recomm","value":"5","disabled":true},{"key":"exclude_subs","value":"true","disabled":true},{"key":"show_all","value":null}]}},"response":[]},{"name":"login","id":"d625690b-4c21-4474-a985-7f772aceaa87","protocolProfileBehavior":{"disableBodyPruning":true},"request":{"auth":{"type":"basic","basic":[{"key":"username","value":"mindnerves.tester@mailinator.com","type":"string"},{"key":"password","value":"Mind@1234","type":"string"}]},"method":"GET","header":[],"url":{"raw":"http://dev.localhost:5000/api/v1/auth/token?remember=1","protocol":"http","host":["dev","localhost"],"port":"5000","path":["api","v1","auth","token"],"query":[{"key":"remember","value":"1"}]}},"response":[]},{"name":"bom_import","id":"8cc17378-c535-4472-9b5d-62895c0488db","protocolProfileBehavior":{"disableBodyPruning":true},"request":{"auth":{"type":"basic","basic":[{"key":"username","value":"mindnerves.tester@mailinator.com","type":"string"},{"key":"password","value":"Mind@1234","type":"string"}]},"method":"POST","header":[],"body":{"mode":"formdata","formdata":[{"key":"file","type":"file","src":"/home/delta/Downloads/BOM_Viagra_import103.xlsx"}]},"url":{"raw":"http://dev.localhost:5000/api/v1/import/bom_import","protocol":"http","host":["dev","localhost"],"port":"5000","path":["api","v1","import","bom_import"]}},"response":[]},{"name":"login Copy","id":"44f88bea-64d7-4769-a1e0-430cbf637828","protocolProfileBehavior":{"disableBodyPruning":true},"request":{"auth":{"type":"basic","basic":[{"key":"username","value":"mindnerves.tester@mailinator.com","type":"string"},{"key":"password","value":"Mind@1234","type":"string"}]},"method":"GET","header":[],"url":{"raw":"http://dev.localhost:5000/api/v1/auth/token?remember=1","protocol":"http","host":["dev","localhost"],"port":"5000","path":["api","v1","auth","token"],"query":[{"key":"remember","value":"1"}]}},"response":[]},{"name":"get suplier import","id":"8499b2c1-c093-4eed-98c0-d699f145e8f1","protocolProfileBehavior":{"disableBodyPruning":true},"request":{"auth":{"type":"basic","basic":[{"key":"username","value":"mindnerves.tester@mailinator.com","type":"string"},{"key":"password","value":"Mind@1234","type":"string"}]},"method":"GET","header":[],"url":{"raw":"http://dev.localhost:5000/api/v1/folder/123:10367?page=1","protocol":"http","host":["dev","localhost"],"port":"5000","path":["api","v1","folder","123:10367"],"query":[{"key":"page","value":"1"}]}},"response":[]},{"name":"get suplier import Copy","id":"51ad669b-8c4a-4e57-b0b8-accf79a9e65b","protocolProfileBehavior":{"disableBodyPruning":true},"request":{"auth":{"type":"basic","basic":[{"key":"username","value":"mindnerves.tester@mailinator.com","type":"string"},{"key":"password","value":"Mind@1234","type":"string"}]},"method":"GET","header":[],"url":{"raw":"http://dev.localhost:5000/api/v1/folder/123:10367?page=1","protocol":"http","host":["dev","localhost"],"port":"5000","path":["api","v1","folder","123:10367"],"query":[{"key":"page","value":"1"}]}},"response":[]},{"name":"create folder","id":"a48bf22f-6da9-46f4-9259-cb748c174f42","protocolProfileBehavior":{"disableBodyPruning":true},"request":{"auth":{"type":"basic","basic":[{"key":"username","value":"mindnerves.tester@mailinator.com","type":"string"},{"key":"password","value":"Mind@1234","type":"string"}]},"method":"POST","header":[],"body":{"mode":"raw","raw":"{\"name\":\"sharing-local\",\"description\":\"\",\"type\":\"folder\",\"parent_rid\":\"123:157\"}","options":{"raw":{"language":"json"}}},"url":{"raw":"http://dev.localhost:5000/api/v1/folder","protocol":"http","host":["dev","localhost"],"port":"5000","path":["api","v1","folder"]}},"response":[]},{"name":"create process","id":"2821fa22-c000-47a7-bd87-27345a90b9f2","protocolProfileBehavior":{"disableBodyPruning":true},"request":{"auth":{"type":"basic","basic":[{"key":"username","value":"mindnerves.tester@mailinator.com","type":"string"},{"key":"password","value":"Mind@1234","type":"string"}]},"method":"POST","header":[],"body":{"mode":"raw","raw":"{\"type\":\"process\",\"formData\":{\"name\":\"process2\",\"boundary\":null,\"description\":\"process2\",\"quality\":\"Primary data\",\"geo\":null,\"process_type\":null,\"out_u_intermediate\":{\"in\":null,\"match_type\":\"Exact\",\"amount\":1,\"local_name\":null,\"notes\":\"process1\",\"outputGp\":true},\"out_upload_images\":{\"in\":null,\"description\":null},\"lock_impacts\":false,\"variable_geo\":false,\"out_previous_version\":{\"in\":null},\"in_child\":{\"out\":null}}}","options":{"raw":{"language":"json"}}},"url":{"raw":"http://dev.localhost:5000/api/v1/composer/route/process","protocol":"http","host":["dev","localhost"],"port":"5000","path":["api","v1","composer","route","process"]}},"response":[]},{"name":"create product","id":"f8ecf2fa-a2f0-46c1-bf10-40f481a45bf5","protocolProfileBehavior":{"disableBodyPruning":true},"request":{"auth":{"type":"basic","basic":[{"key":"username","value":"mindnerves.tester@mailinator.com","type":"string"},{"key":"password","value":"Mind@1234","type":"string"}]},"method":"POST","header":[],"body":{"mode":"raw","raw":"{\"type\":\"sku\",\"formData\":{\"name\":\"test product sku5\",\"unit\":\"kg\",\"brand\":null,\"description\":\"test product sku5\",\"minPrice\":1,\"maxPrice\":1,\"currency\":\"USD\",\"out_upload_images\":{\"in\":null,\"description\":null},\"in_child\":{\"out\":null}}}","options":{"raw":{"language":"json"}}},"url":{"raw":"http://dev.localhost:5000/api/v1/composer/route/sku","protocol":"http","host":["dev","localhost"],"port":"5000","path":["api","v1","composer","route","sku"]}},"response":[]},{"name":"create substance","id":"564dd453-ef91-4577-9757-96c04dd7bda5","protocolProfileBehavior":{"disableBodyPruning":true},"request":{"auth":{"type":"basic","basic":[{"key":"username","value":"mindnerves.tester@mailinator.com","type":"string"},{"key":"password","value":"Mind@1234","type":"string"}]},"method":"POST","header":[],"body":{"mode":"raw","raw":"{\"type\":\"substance\",\"formData\":{\"name\":\"substance1\",\"unit\":\"kg\",\"out_ext\":{\"in\":null}}}","options":{"raw":{"language":"json"}}},"url":{"raw":"http://dev.localhost:5000/api/v1/composer/route/substance","protocol":"http","host":["dev","localhost"],"port":"5000","path":["api","v1","composer","route","substance"]}},"response":[]},{"name":"create quest","id":"43249edb-9e79-4d5d-b981-17af79b56a36","protocolProfileBehavior":{"disableBodyPruning":true},"request":{"auth":{"type":"basic","basic":[{"key":"username","value":"mindnerves.tester@mailinator.com","type":"string"},{"key":"password","value":"Mind@1234","type":"string"}]},"method":"POST","header":[],"body":{"mode":"raw","raw":"{\"name\":\"test1\"}","options":{"raw":{"language":"json"}}},"url":{"raw":"http://dev.localhost:5000/api/v1/quest/create","protocol":"http","host":["dev","localhost"],"port":"5000","path":["api","v1","quest","create"]}},"response":[]},{"name":"create product group","id":"ffbe2426-4e1f-4090-8aec-bc2e02f4ecc9","protocolProfileBehavior":{"disableBodyPruning":true},"request":{"auth":{"type":"basic","basic":[{"key":"username","value":"mindnerves.tester@mailinator.com","type":"string"},{"key":"password","value":"Mind@1234","type":"string"}]},"method":"POST","header":[],"body":{"mode":"raw","raw":"{\"type\":\"product\",\"formData\":{\"name\":\"test-sharing-product-local\",\"unit\":\"kg\",\"description\":\"test-sharing-local\",\"product_type\":\"product\",\"out_in_category\":{\"in\":\"#24:12347\"},\"out_upload_images\":{\"in\":null,\"description\":null},\"in_child\":{\"out\":\"#123:12769\"}}}","options":{"raw":{"language":"json"}}},"url":{"raw":"http://dev.localhost:5000/api/v1/composer/route/product","protocol":"http","host":["dev","localhost"],"port":"5000","path":["api","v1","composer","route","product"]}},"response":[]},{"name":"create pcr","id":"ea939758-e1d3-4436-8aac-763ed17f777a","protocolProfileBehavior":{"disableBodyPruning":true},"request":{"auth":{"type":"basic","basic":[{"key":"username","value":"mindnerves.tester@mailinator.com","type":"string"},{"key":"password","value":"Mind@1234","type":"string"}]},"method":"POST","header":[],"body":{"mode":"raw","raw":"{\"type\":\"pcr\",\"formData\":{\"name\":\"pcr02\",\"description\":\"pcr02\",\"out_applies_to\":{\"in\":\"#24:19950\"}}}","options":{"raw":{"language":"json"}}},"url":{"raw":"http://dev.localhost:5000/api/v1/composer/route/pcr","protocol":"http","host":["dev","localhost"],"port":"5000","path":["api","v1","composer","route","pcr"]}},"response":[]},{"name":"create ecofee","id":"c344dacd-2fd1-4d95-8dd7-16e455e04785","protocolProfileBehavior":{"disableBodyPruning":true},"request":{"auth":{"type":"basic","basic":[{"key":"username","value":"mindnerves.tester@mailinator.com","type":"string"},{"key":"password","value":"Mind@1234","type":"string"}]},"method":"POST","header":[],"body":{"mode":"raw","raw":"{\"type\":\"supplierrequest\",\"formData\":{\"in_in_request\":{\"out\":\"#40:205019\",\"product_id\":null,\"notes\":null},\"requested_completion_date\":null,\"threshold\":null,\"status\":\"open\",\"created_on\":\"2022-01-03 12:56:41\",\"updated_on\":\"2022-01-03 12:56:41\",\"requestor_name\":\"MNT\",\"requestor_contact_name\":\"mindnerves tech\",\"requestor_contact_email\":\"mindnerves.tester@mailinator.com\",\"requestor_contact_phone\":null,\"name\":\"substance2\",\"supplier_contact_name\":\"mindnerves\",\"supplier_contact_email\":\"mindnerves.tester@mailinator.com\"}}","options":{"raw":{"language":"json"}}},"url":{"raw":"http://dev.localhost:5000/api/v1/composer/route/supplierrequest","protocol":"http","host":["dev","localhost"],"port":"5000","path":["api","v1","composer","route","supplierrequest"]}},"response":[]},{"name":"create supplierrequest","id":"ba738d16-717e-4435-a799-40faeeba7b6f","protocolProfileBehavior":{"disableBodyPruning":true},"request":{"auth":{"type":"basic","basic":[{"key":"username","value":"mindnerves.tester@mailinator.com","type":"string"},{"key":"password","value":"Mind@1234","type":"string"}]},"method":"POST","header":[],"body":{"mode":"raw","raw":"{\"type\":\"supplierrequest\",\"formData\":{\"in_in_request\":{\"out\":\"#40:205019\",\"product_id\":null,\"notes\":null},\"requested_completion_date\":null,\"threshold\":null,\"status\":\"open\",\"created_on\":\"2022-01-03 12:56:41\",\"updated_on\":\"2022-01-03 12:56:41\",\"requestor_name\":\"MNT\",\"requestor_contact_name\":\"mindnerves tech\",\"requestor_contact_email\":\"mindnerves.tester@mailinator.com\",\"requestor_contact_phone\":null,\"name\":\"substance2\",\"supplier_contact_name\":\"mindnerves\",\"supplier_contact_email\":\"mindnerves.tester@mailinator.com\"}}","options":{"raw":{"language":"json"}}},"url":{"raw":"http://dev.localhost:5000/api/v1/composer/route/supplierrequest","protocol":"http","host":["dev","localhost"],"port":"5000","path":["api","v1","composer","route","supplierrequest"]}},"response":[]},{"name":"create rsl","id":"a32424ef-d1e6-418b-85df-d0f0b29f4641","protocolProfileBehavior":{"disableBodyPruning":true},"request":{"auth":{"type":"basic","basic":[{"key":"username","value":"mindnerves.tester@mailinator.com","type":"string"},{"key":"password","value":"Mind@1234","type":"string"}]},"method":"POST","header":[],"body":{"mode":"raw","raw":"{\"type\":\"rsl\",\"formData\":{\"name\":\"test rsl 1\",\"source\":null,\"out_in_region\":{\"in\":\"#17:1\"}}}","options":{"raw":{"language":"json"}}},"url":{"raw":"http://dev.localhost:5000/api/v1/composer/route/rsl","protocol":"http","host":["dev","localhost"],"port":"5000","path":["api","v1","composer","route","rsl"]}},"response":[]},{"name":"create alert","id":"fdae6a77-889d-43bf-ac88-bc53385fa4bb","protocolProfileBehavior":{"disableBodyPruning":true},"request":{"auth":{"type":"basic","basic":[{"key":"username","value":"mindnerves.tester@mailinator.com","type":"string"},{"key":"password","value":"Mind@1234","type":"string"}]},"method":"POST","header":[],"body":{"mode":"raw","raw":"{\"type\":\"rsl\",\"formData\":{\"name\":\"test rsl 1\",\"source\":null,\"out_in_region\":{\"in\":\"#17:1\"}}}","options":{"raw":{"language":"json"}}},"url":{"raw":"http://dev.localhost:5000/api/v1/composer/route/alert","protocol":"http","host":["dev","localhost"],"port":"5000","path":["api","v1","composer","route","alert"]}},"response":[]},{"name":"create site","id":"f8f0245b-503d-4225-9f25-fc10d7c7167d","protocolProfileBehavior":{"disableBodyPruning":true},"request":{"auth":{"type":"basic","basic":[{"key":"username","value":"mindnerves.tester@mailinator.com","type":"string"},{"key":"password","value":"Mind@1234","type":"string"}]},"method":"POST","header":[],"body":{"mode":"raw","raw":"{\"type\":\"site\",\"formData\":{\"name\":\"site2\",\"geo\":\"site\"}}","options":{"raw":{"language":"json"}}},"url":{"raw":"http://dev.localhost:5000/api/v1/composer/route/site","protocol":"http","host":["dev","localhost"],"port":"5000","path":["api","v1","composer","route","site"]}},"response":[]},{"name":"create company","id":"0662ee8f-f61c-481f-a6fe-aafc7947699f","protocolProfileBehavior":{"disableBodyPruning":true},"request":{"auth":{"type":"basic","basic":[{"key":"username","value":"mindnerves.tester@mailinator.com","type":"string"},{"key":"password","value":"Mind@1234","type":"string"}]},"method":"POST","header":[],"body":{"mode":"raw","raw":"{\"type\":\"company\",\"formData\":{\"name\":\"company1\",\"description\":\"company1\",\"website\":\"company1.in\"}}","options":{"raw":{"language":"json"}}},"url":{"raw":"http://dev.localhost:5000/api/v1/composer/route/company","protocol":"http","host":["dev","localhost"],"port":"5000","path":["api","v1","composer","route","company"]}},"response":[]},{"name":"Globalsearch","id":"ec8bd555-8073-4cb3-92b7-aa5ad9c017ae","protocolProfileBehavior":{"disableBodyPruning":true},"request":{"auth":{"type":"basic","basic":[{"key":"username","value":"mindnerves.tester@mailinator.com","type":"string"},{"key":"password","value":"Mind@1234","type":"string"}]},"method":"GET","header":[],"url":{"raw":"http://dev.localhost:5000/api/v1/folder/123:10367?page=1","protocol":"http","host":["dev","localhost"],"port":"5000","path":["api","v1","folder","123:10367"],"query":[{"key":"page","value":"1"}]}},"response":[]},{"name":"reports","id":"36cdcb82-cfab-42d7-a638-286b3ce1783f","protocolProfileBehavior":{"disableBodyPruning":true},"request":{"auth":{"type":"basic","basic":[{"key":"username","value":"mindnerves.tester@mailinator.com","type":"string"},{"key":"password","value":"Mind@1234","type":"string"}]},"method":"GET","header":[],"url":{"raw":"http://dev.localhost:5000/api/v1/folder/123:10367?page=1","protocol":"http","host":["dev","localhost"],"port":"5000","path":["api","v1","folder","123:10367"],"query":[{"key":"page","value":"1"}]}},"response":[]},{"name":"share API","id":"5cc84a49-ad25-4da6-b1a5-017001d30ff3","protocolProfileBehavior":{"disableBodyPruning":true},"request":{"auth":{"type":"basic","basic":[{"key":"username","value":"mindnerves.tester@mailinator.com","type":"string"},{"key":"password","value":"Mind@1234","type":"string"}]},"method":"POST","header":[],"body":{"mode":"raw","raw":"{\n    \"to_email\": [\n        \"abhijeet.farakate30@gmail.com\"\n    ],\n    \"options\": {\n        \"edit\": true,\n        \"no_dependencies\": false,\n        \"notify_by_mail\": true\n    },\n    \"to_user\": [\n        \"#5:1825\"\n    ],\n    \"shared_resource_rid\": \"40:204995\",\n    \"shared_resource\": \"https://new-dev.makersite.app/composer/metadata/40:204995\",\n    \"message\": \"testing sharing API (product group)\"\n}","options":{"raw":{"language":"json"}}},"url":{"raw":"http://dev.localhost:5000/api/v1/composer/share","protocol":"http","host":["dev","localhost"],"port":"5000","path":["api","v1","composer","share"]}},"response":[]}]}