{"info":{"_postman_id":"ce003aaa-0593-4a25-93a5-7344c37a5629","name":"test hydrogen live server","schema":"https://schema.getpostman.com/json/collection/v2.1.0/collection.json"},"item":[{"name":"Green_Hydrogen_Portal_APIs","item":[{"name":"login Copy","event":[{"listen":"test","script":{"id":"6516fa61-b85c-488a-b363-fd32431a5846","exec":["loginData = JSON.parse(responseBody)\r","token = loginData.token\r","console.log(\"token-------------->\", token)\r","pm.environment.set(\"TOKEN\",\"Token \"+ token);"],"type":"text/javascript"}}],"id":"9d3c7dbf-22ee-4cfb-9f6a-e46b9b6c2777","protocolProfileBehavior":{"disableBodyPruning":true},"request":{"method":"POST","header":[],"body":{"mode":"raw","raw":"{\r\n    \"username\":\"admin\",\r\n    \"password\":\"Hydrogen@123\"\r\n}","options":{"raw":{"language":"json"}}},"url":{"raw":"{{url}}/hydrogen/login/","host":["{{url}}"],"path":["hydrogen","login",""]}},"response":[]},{"name":"List Banner","event":[{"listen":"test","script":{"id":"3c3be7cc-6849-4b20-ab5d-55211f15be73","exec":["pm.test(\"Status code is 200\", function () {\r","    pm.response.to.have.status(200);\r","});"],"type":"text/javascript"}}],"id":"728d9574-a884-44b6-9079-a120a6c45cb0","protocolProfileBehavior":{"disableBodyPruning":true},"request":{"method":"GET","header":[],"url":{"raw":"{{url}}/hydrogen/banner/","host":["{{url}}"],"path":["hydrogen","banner",""]}},"response":[]},{"name":"List home-page-videos/","event":[{"listen":"test","script":{"id":"61fef1c9-a13f-43e7-ac11-6f9d812ce204","exec":["pm.test(\"Status code is 200\", function () {\r","    pm.response.to.have.status(200);\r","});"],"type":"text/javascript"}}],"id":"3cd8eded-6c37-494f-8601-b6cff2a6d6e4","protocolProfileBehavior":{"disableBodyPruning":true},"request":{"method":"GET","header":[],"url":{"raw":"{{url}}/hydrogen/banner/","host":["{{url}}"],"path":["hydrogen","banner",""]}},"response":[]},{"name":"List Event","event":[{"listen":"test","script":{"id":"45e29f12-ea86-4ba4-a324-257288504339","exec":["pm.test(\"Status code is 200\", function () {\r","    pm.response.to.have.status(200);\r","});"],"type":"text/javascript"}}],"id":"5ad2a04c-f078-4c31-8ced-3882f34f39c6","protocolProfileBehavior":{"disableBodyPruning":true},"request":{"method":"GET","header":[],"url":{"raw":"{{url}}/hydrogen/event/","host":["{{url}}"],"path":["hydrogen","event",""]}},"response":[]},{"name":"List Success Story","event":[{"listen":"test","script":{"id":"96dc7cf0-1abe-4fc1-b718-06549ec10603","exec":["pm.test(\"Status code is 200\", function () {\r","    pm.response.to.have.status(200);\r","});"],"type":"text/javascript"}}],"id":"9d0f5ea1-def1-416f-bc4e-337988513d08","protocolProfileBehavior":{"disableBodyPruning":true},"request":{"method":"GET","header":[],"url":{"raw":"{{url}}/hydrogen/success-story/","host":["{{url}}"],"path":["hydrogen","success-story",""]}},"response":[]},{"name":"List NEWS","event":[{"listen":"test","script":{"id":"a06ad908-0112-4ded-8f6c-467fcbc4c005","exec":["pm.test(\"Status code is 200\", function () {\r","    pm.response.to.have.status(200);\r","});"],"type":"text/javascript"}}],"id":"d7e6b4a2-6da9-43c2-aa90-ac53f92dde13","protocolProfileBehavior":{"disableBodyPruning":true},"request":{"method":"GET","header":[],"url":{"raw":"{{url}}/hydrogen/news/","host":["{{url}}"],"path":["hydrogen","news",""]}},"response":[]},{"name":"List Tag","event":[{"listen":"test","script":{"id":"db4020d8-937c-4ae4-b3c0-fd35902e6327","exec":["pm.test(\"Status code is 200\", function () {\r","    pm.response.to.have.status(200);\r","});"],"type":"text/javascript"}}],"id":"ec7d2e35-f343-41f6-998c-e221e5678ab7","protocolProfileBehavior":{"disableBodyPruning":true},"request":{"method":"GET","header":[],"url":{"raw":"{{url}}/hydrogen/tag/","host":["{{url}}"],"path":["hydrogen","tag",""]}},"response":[]},{"name":"List Laboratory","event":[{"listen":"test","script":{"id":"23b107b9-a93d-45de-a589-038b87780803","exec":["pm.test(\"Status code is 200\", function () {\r","    pm.response.to.have.status(200);\r","});"],"type":"text/javascript"}}],"id":"e0bb16bd-eba5-4488-a0c2-990c88674dae","protocolProfileBehavior":{"disableBodyPruning":true},"request":{"method":"GET","header":[],"url":{"raw":"{{url}}/hydrogen/laboratory/","host":["{{url}}"],"path":["hydrogen","laboratory",""]}},"response":[]},{"name":"forum-category-wise-list","event":[{"listen":"test","script":{"id":"7e085b18-a451-4b1c-a212-165815119274","exec":["pm.test(\"Status code is 200\", function () {\r","    pm.response.to.have.status(200);\r","});"],"type":"text/javascript"}}],"id":"f93a4f4d-c166-4786-9cb9-e97c25574eb8","protocolProfileBehavior":{"disableBodyPruning":true},"request":{"method":"GET","header":[],"url":{"raw":"{{url}}/hydrogen/forum-category-wise-list/?category__category_name=STAKE_HOLDER","host":["{{url}}"],"path":["hydrogen","forum-category-wise-list",""],"query":[{"key":"category__category_name","value":"STAKE_HOLDER"}]}},"response":[]},{"name":"forum-category","event":[{"listen":"test","script":{"id":"2c487216-201b-4fff-b2aa-a22917074da4","exec":["pm.test(\"Status code is 200\", function () {\r","    pm.response.to.have.status(200);\r","});"],"type":"text/javascript"}}],"id":"6b1871f8-4776-4ea9-971c-86bc2faa7644","protocolProfileBehavior":{"disableBodyPruning":true},"request":{"method":"GET","header":[],"url":{"raw":"{{url}}/hydrogen/forum-category-list/","host":["{{url}}"],"path":["hydrogen","forum-category-list",""]}},"response":[]},{"name":"forum-topic-list","event":[{"listen":"test","script":{"id":"417f87d8-d9fa-4fc0-87cc-f2b4976d258b","exec":["pm.test(\"Status code is 200\", function () {\r","    pm.response.to.have.status(200);\r","});"],"type":"text/javascript"}}],"id":"5a138e0d-90d4-41fa-a5b9-8f48156db276","protocolProfileBehavior":{"disableBodyPruning":true},"request":{"method":"GET","header":[],"url":{"raw":"{{url}}/hydrogen/forum-topic-list/?limit=2","host":["{{url}}"],"path":["hydrogen","forum-topic-list",""],"query":[{"key":"limit","value":"2"}]}},"response":[]},{"name":"forum-topic-detail","event":[{"listen":"test","script":{"id":"b64f84eb-bbb2-46d0-906c-e6ae72b94634","exec":["pm.test(\"Status code is 200\", function () {\r","    pm.response.to.have.status(200);\r","});"],"type":"text/javascript"}}],"id":"735b7119-3cfa-440f-ab8a-cf2458fb4212","protocolProfileBehavior":{"disableBodyPruning":true},"request":{"method":"GET","header":[{"key":"Content-Type","value":"application/json","type":"text"},{"key":"Authorization","value":"{{TOKEN}}","type":"text"}],"url":{"raw":"{{url}}/hydrogen/forum-topic-detail/{{TOPIC_ID}}/","host":["{{url}}"],"path":["hydrogen","forum-topic-detail","{{TOPIC_ID}}",""]}},"response":[]},{"name":"my topic","event":[{"listen":"test","script":{"id":"f43f202e-d645-4f14-a590-024b8c7a42ed","exec":["pm.test(\"Status code is 200\", function () {\r","    pm.response.to.have.status(200);\r","});"],"type":"text/javascript"}}],"id":"22df7b24-b3dd-40e6-b508-86780d2a29b5","protocolProfileBehavior":{"disableBodyPruning":true},"request":{"method":"GET","header":[{"key":"Authorization","value":"{{TOKEN}}","type":"text"},{"key":"Content-Type","value":"application/json","type":"text"}],"url":{"raw":"{{url}}/hydrogen/my-topics/","host":["{{url}}"],"path":["hydrogen","my-topics",""]}},"response":[]},{"name":"my blogs","event":[{"listen":"test","script":{"id":"2c221f72-f460-4a19-87a5-02deca6197aa","exec":["pm.test(\"Status code is 200\", function () {\r","    pm.response.to.have.status(200);\r","});"],"type":"text/javascript"}}],"id":"c6111069-4b47-4403-bc7f-c10b391da0d6","protocolProfileBehavior":{"disableBodyPruning":true},"request":{"method":"GET","header":[{"key":"Authorization","value":"{{TOKEN}}","type":"text"}],"body":{"mode":"raw","raw":""},"url":{"raw":"{{url}}/hydrogen/my-blogs/","host":["{{url}}"],"path":["hydrogen","my-blogs",""]}},"response":[]},{"name":"top 5 topics list","event":[{"listen":"test","script":{"id":"ae46c758-a6d5-4c39-8e59-e0d49a2339a8","exec":["pm.test(\"Status code is 200\", function () {\r","    pm.response.to.have.status(200);\r","});"],"type":"text/javascript"}}],"id":"247853e4-1d82-4e53-a149-6e5ba3b1731b","protocolProfileBehavior":{"disableBodyPruning":true},"request":{"method":"GET","header":[],"url":{"raw":"{{url}}/hydrogen/forum-topics/?content=1","host":["{{url}}"],"path":["hydrogen","forum-topics",""],"query":[{"key":"content","value":"1"}]}},"response":[]},{"name":"forum-topic-list Copy","event":[{"listen":"test","script":{"id":"b66e8ff7-58d9-44b2-afa1-2541fed1dafb","exec":["pm.test(\"Status code is 200\", function () {\r","    pm.response.to.have.status(200);\r","});"],"type":"text/javascript"}}],"id":"11693548-c0ed-465e-8e26-1f8be6e0486f","protocolProfileBehavior":{"disableBodyPruning":true},"request":{"method":"GET","header":[],"url":{"raw":"{{url}}/hydrogen/forum-topic-list/?limit=2","host":["{{url}}"],"path":["hydrogen","forum-topic-list",""],"query":[{"key":"limit","value":"2"}]}},"response":[]},{"name":"Create Blog","event":[{"listen":"test","script":{"id":"ca6a41c7-7abb-4e0a-870f-58722a436b00","exec":["pm.test(\"Status code is 200\", function () {\r","    pm.response.to.have.status(200);\r","});\r","\r","blogData = JSON.parse(responseBody)\r","blog_id = blogData.blog_id\r","console.log(\"Blog Created-------------->\", blog_id)\r","pm.environment.set(\"BLOG_ID\", blog_id);"],"type":"text/javascript"}}],"id":"cd44e3f4-b401-4c51-9326-3a10176052bb","protocolProfileBehavior":{"disableBodyPruning":true},"request":{"method":"POST","header":[{"key":"Authorization","value":"{{TOKEN}}","type":"text"}],"body":{"mode":"raw","raw":"{\r\n    \"blog_pdf\": null,\r\n    \"pdf_url\": \"https://www.youtube.com/watch?v=aYBGSfzaa4c\",\r\n    \"blog_image\": \"http://127.0.0.1:8000/media/images_documents/admin/images_1628512333.jfif\",\r\n    \"blog_thumbnail\": \"http://127.0.0.1:8000/media/images_documents/admin/images_1628512333.jfif\",\r\n    \"title\": \"blog 1\",\r\n    \"video_url\": \"https://www.youtube.com/watch?v=aYBGSfzaa4c\",\r\n    \"short_description\": \"sdfds\",\r\n    \"description\": \"dsfsafa\",\r\n    \"tag\": [\r\n        {\r\n            \"id\": 1,\r\n            \"display_name\": \"News\",\r\n            \"tag_category\": \"news\"\r\n        }\r\n    ]\r\n}","options":{"raw":{"language":"json"}}},"url":{"raw":"{{url}}/hydrogen/blog/","host":["{{url}}"],"path":["hydrogen","blog",""]}},"response":[]},{"name":"Update Blog","event":[{"listen":"test","script":{"id":"0cf42d41-190b-4854-b67e-243815d6a739","exec":["pm.test(\"Status code is 200\", function () {\r","    pm.response.to.have.status(200);\r","});"],"type":"text/javascript"}},{"listen":"prerequest","script":{"id":"6c96586f-845d-4d45-8979-c2fa381ce2bf","exec":["// blogData = JSON.parse(responseBody)\r","// blog_id = blogData.blog_id\r","// console.log(\"Blog Created-------------->\", blog_id)\r","// pm.environment.set(\"BLOG_ID\", blog_id);"],"type":"text/javascript"}}],"id":"f7297f02-1844-4660-83ca-7a408244f771","protocolProfileBehavior":{"disableBodyPruning":true},"request":{"method":"PUT","header":[{"key":"Authorization","value":"{{TOKEN}}","type":"text"}],"body":{"mode":"raw","raw":"{\r\n    \"blog_id\": \"{{BLOG_ID}}\",\r\n    \"pdf_url\": \"https://www.youtube.com/watch?v=aYBGSfzaa4c\",\r\n    \"blog_image\": \"http://127.0.0.1:8000/media/images_documents/admin/images_1628512333.jfif\",\r\n    \"blog_thumbnail\": \"http://127.0.0.1:8000/media/images_documents/admin/images_1628512333.jfif\",\r\n    \"title\": \"blog four-4 updated\",\r\n    \"video_url\": \"https://www.youtube.com/watch?v=aYBGSfzaa4c\",\r\n    \"short_description\": \"As the world grapples with climate change, urban energy systems have emerged.\",\r\n    \"description\": \"<p>As the world grapples with climate change, urban energy systems have emerged as a key focus of mitigation and adaptation strategies. Cities contribute high shares of global carbon dioxide (CO2) emissions. Yet they also offer clear opportunities to reduce emissions and develop climate-resilient future infrastructure.<br />\\r\\nThis report from the International Renewable Energy Agency (IRENA) highlights resource potential, targets, technology options and system-planning priorities for cities around the world. City-level targets - properly attuned to local resources and needs - are an essential component of the transition to renewables.<br />\\r\\nCities will need to accommodate two-thirds of the world&#39;s population in a liveable, low-carbon environment by 2050. Accelerated uptake of locally produced renewables can strengthen the urban economy, create new jobs and improve people&#39;s living conditions and welfare.</p>\",\r\n    \"tag\": [\r\n        {\r\n            \"id\": 1\r\n        },\r\n        {\r\n            \"id\": 2\r\n        }\r\n    ]\r\n}","options":{"raw":{"language":"json"}}},"url":{"raw":"{{url}}/hydrogen/blog/{{BLOG_ID}}/","host":["{{url}}"],"path":["hydrogen","blog","{{BLOG_ID}}",""]}},"response":[]},{"name":"List Blogs","event":[{"listen":"test","script":{"id":"2d730a7b-4925-4cf3-9f39-ce3483dcfeb7","exec":["pm.test(\"Status code is 200\", function () {\r","    pm.response.to.have.status(200);\r","});"],"type":"text/javascript"}}],"id":"116b3542-300d-4b44-9642-c47ef63b545f","protocolProfileBehavior":{"disableBodyPruning":true},"request":{"method":"GET","header":[],"url":{"raw":"{{url}}/hydrogen/blog/","host":["{{url}}"],"path":["hydrogen","blog",""]}},"response":[]},{"name":"delete blog","event":[{"listen":"test","script":{"id":"b7690b2b-4835-45dc-ad53-5f934ead35fc","exec":["pm.test(\"Status code is 200\", function () {\r","    pm.response.to.have.status(200);\r","});"],"type":"text/javascript"}}],"id":"93bdd9e2-b61f-44f8-aea5-03ceec614086","protocolProfileBehavior":{"disableBodyPruning":true},"request":{"method":"DELETE","header":[{"key":"Authorization","value":"{{TOKEN}}","type":"text"}],"url":{"raw":"{{url}}/hydrogen/blog/{{BLOG_ID}}/","host":["{{url}}"],"path":["hydrogen","blog","{{BLOG_ID}}",""]}},"response":[]},{"name":"registered-organization-info","event":[{"listen":"test","script":{"id":"9b8668af-546a-438d-9ae0-a56d8748a281","exec":["pm.test(\"Status code is 200\", function () {\r","    pm.response.to.have.status(200);\r","});"],"type":"text/javascript"}}],"id":"c6076b17-f91f-477d-a42d-2954f751f29a","protocolProfileBehavior":{"disableBodyPruning":true},"request":{"method":"GET","header":[],"url":{"raw":"{{url}}/registration/registered-organization-info/","host":["{{url}}"],"path":["registration","registered-organization-info",""]}},"response":[]},{"name":"List Testimonial","event":[{"listen":"test","script":{"id":"f59f64db-7e69-434d-847e-f567b55ad365","exec":["pm.test(\"Status code is 200\", function () {\r","    pm.response.to.have.status(200);\r","});"],"type":"text/javascript"}}],"id":"65ba7ab6-eac0-4668-958c-a766b0426daa","protocolProfileBehavior":{"disableBodyPruning":true},"request":{"method":"GET","header":[],"url":{"raw":"{{url}}/hydrogen/testimonial/","host":["{{url}}"],"path":["hydrogen","testimonial",""]}},"response":[]},{"name":"List nationality-wise-committee","event":[{"listen":"test","script":{"id":"57cefd1c-1e0b-495f-9226-639057f72ef3","exec":["pm.test(\"Status code is 200\", function () {\r","    pm.response.to.have.status(200);\r","});"],"type":"text/javascript"}}],"id":"78573ead-fd68-41d7-9240-41d4ade7a9e7","protocolProfileBehavior":{"disableBodyPruning":true},"request":{"method":"GET","header":[],"url":{"raw":"{{url}}/hydrogen/committee/","host":["{{url}}"],"path":["hydrogen","committee",""]}},"response":[]},{"name":"List Committee","event":[{"listen":"test","script":{"id":"adfb1397-3ad6-479b-bdca-9269d1a0c074","exec":["pm.test(\"Status code is 200\", function () {\r","    pm.response.to.have.status(200);\r","});"],"type":"text/javascript"}}],"id":"bc8057fc-0c27-4291-8a79-d381fb84a6ac","protocolProfileBehavior":{"disableBodyPruning":true},"request":{"method":"GET","header":[],"url":{"raw":"{{url}}/hydrogen/committee/","host":["{{url}}"],"path":["hydrogen","committee",""]}},"response":[]},{"name":"List Stakeholder","event":[{"listen":"test","script":{"id":"9838e58d-ce96-4daf-a4f6-a51fa1087e18","exec":["pm.test(\"Status code is 200\", function () {\r","    pm.response.to.have.status(200);\r","});"],"type":"text/javascript"}}],"id":"c60875ad-b349-4ce1-aacb-911fe1ecb453","protocolProfileBehavior":{"disableBodyPruning":true},"request":{"method":"GET","header":[],"url":{"raw":"{{url}}/hydrogen/stakeholder/","host":["{{url}}"],"path":["hydrogen","stakeholder",""]}},"response":[]},{"name":"List static-Text","event":[{"listen":"test","script":{"id":"e7dc9269-4eb1-42cb-bb59-9229623b4c2e","exec":["pm.test(\"Status code is 200\", function () {\r","    pm.response.to.have.status(200);\r","});"],"type":"text/javascript"}}],"id":"2ad17190-3655-4cdb-9dd6-f46653f89a0c","protocolProfileBehavior":{"disableBodyPruning":true},"request":{"method":"GET","header":[],"url":{"raw":"{{url}}/hydrogen/stakeholder/","host":["{{url}}"],"path":["hydrogen","stakeholder",""]}},"response":[]},{"name":"List Repository","event":[{"listen":"test","script":{"id":"efc4b589-4884-422d-916f-7d7466c88b9b","exec":["pm.test(\"Status code is 200\", function () {\r","    pm.response.to.have.status(200);\r","});"],"type":"text/javascript"}}],"id":"a0e17aea-db5b-47ab-999f-7e5ff58f749f","protocolProfileBehavior":{"disableBodyPruning":true},"request":{"method":"GET","header":[],"url":{"raw":"{{url}}/hydrogen/repository/","host":["{{url}}"],"path":["hydrogen","repository",""]}},"response":[]},{"name":"Forum Topic List","event":[{"listen":"test","script":{"id":"c8d9f7c1-da4a-437e-8b99-66f9861b2b65","exec":["pm.test(\"Status code is 200\", function () {\r","    pm.response.to.have.status(200);\r","});"],"type":"text/javascript"}}],"id":"244ed03a-3fbf-4d79-97e7-ad4b3929f592","protocolProfileBehavior":{"disableBodyPruning":true},"request":{"method":"GET","header":[],"body":{"mode":"raw","raw":"{\r\n    \"topic_title\": \"Topic Title 2\",\r\n    \"excerpt\": \"askkbdkas\",\r\n    \"no_of_topics\": 2,\r\n    \"no_of_posts\": 5,\r\n    \"last_post_date\": \"2021-07-23\",\r\n    \"author\": {\r\n        \"person_id\": \"fe20f2dd-dc43-453c-8c68-1ef4fa026b6b\",\r\n        \"display_name\": \"Suraj Gupta\",\r\n        \"image_url\": null\r\n    },\r\n    \"description\": \"test desc\",\r\n    \"tags\": [\r\n        {\r\n            \"id\": 2,\r\n            \"display_name\": \"stakeholder\",\r\n            \"tag_category\": \"stakeholder\"\r\n        }\r\n    ],\r\n    \"replies\": []\r\n}","options":{"raw":{"language":"json"}}},"url":{"raw":"{{url}}/hydrogen/forum-topic-list/","host":["{{url}}"],"path":["hydrogen","forum-topic-list",""]}},"response":[]}],"id":"51fa3f25-856e-4c43-8f77-12ada0d97082"}]}