{"info":{"_postman_id":"d9e138b4-261d-4253-b730-17a9abfeccf3","name":"payment","schema":"https://schema.getpostman.com/json/collection/v2.1.0/collection.json"},"item":[{"name":"show billing info","id":"e427e5a8-ae3c-4edc-bef9-6538613bcae5","protocolProfileBehavior":{"disableBodyPruning":true},"request":{"method":"GET","header":[],"url":{"raw":"{{api_payment_serverv2}}/bank/prepare?amount=0.10&order_id=18&user[name]=mhd_md&user[email]=096666&callback=http://shubrumah.net/shubrumah.net/developv2/backend_project/public/orders/make-paid/18","host":["{{api_payment_serverv2}}"],"path":["bank","prepare"],"query":[{"key":"amount","value":"0.10"},{"key":"order_id","value":"18"},{"key":"user[name]","value":"mhd_md"},{"key":"user[email]","value":"096666"},{"key":"callback","value":"http://shubrumah.net/shubrumah.net/developv2/backend_project/public/orders/make-paid/18"}]}},"response":[]},{"name":"send billing","id":"2946ac8b-e695-4956-a00d-4fe168a402ef","protocolProfileBehavior":{"disableBodyPruning":true},"request":{"method":"POST","header":[],"body":{"mode":"formdata","formdata":[{"key":"checkout_id","value":"4iWkHq3ZIDRfn6e9rIP92u4yKskhpZVb.BNK01-vm-tx02","type":"text"},{"key":"paymen_type","value":"bank","type":"text"},{"key":"image","type":"file","src":"pPSERvE00/customers addresses.png"}]},"url":{"raw":"{{api_payment_serverv2}}/bank/send/receipt","host":["{{api_payment_serverv2}}"],"path":["bank","send","receipt"]}},"response":[]}],"event":[{"listen":"prerequest","script":{"id":"647b0e6e-84ee-4742-ab18-d5deedfb8056","type":"text/javascript","exec":[""]}},{"listen":"test","script":{"id":"345964ee-ba08-44ef-8345-486bfa002ec6","type":"text/javascript","exec":[""]}}],"variable":[{"id":"c81cb6b7-0578-4e38-a340-f3b3bf49c95f","key":"payment_server","value":"http://payment.go-application.com/bank"},{"id":"23aa5f4c-66b8-4a51-8e4f-c1bbf54cc689","key":"api_payment_server","value":"http://payment.go-application.com"},{"id":"ff403a1a-bd0b-4362-93d6-07638c477107","key":"api_payment_serverv2","value":"http://payment.shubrumah.net/payment/public"},{"id":"e2041a34-9008-4521-ad07-eef4dba68ad1","key":"local_payment","value":"http://localhost:8000/bank"}]}