{"info":{"_postman_id":"dae8a5b8-d6be-422b-bced-51559a6e8cdb","name":"test resume","schema":"https://schema.getpostman.com/json/collection/v2.1.0/collection.json"},"item":[{"name":"file upload Copy 4","id":"30465fa1-367c-404d-b5f9-7ce0a753ed7d","protocolProfileBehavior":{"disableBodyPruning":true,"disabledSystemHeaders":{}},"request":{"method":"POST","header":[{"key":"Authorization","value":"Token f6b723f17b8c10318cfbb5298e8a379bbb92ff1d927ab637613a3078edd9837a","type":"text"},{"key":"","value":"","type":"text"}],"body":{"mode":"raw","raw":"[\"fbea4cc5-0a27-48a9-bf4d-b9fce2abe279\"]","options":{"raw":{"language":"json"}}},"url":{"raw":"{{url}}/user/download/applicants/","host":["{{url}}"],"path":["user","download","applicants",""]}},"response":[]}]}