{"info":{"_postman_id":"f534aea8-bdfe-41b5-b887-3709418fca96","name":"Ezyschooling","schema":"https://schema.getpostman.com/json/collection/v2.1.0/collection.json"},"item":[{"name":"User login","event":[{"listen":"test","script":{"id":"e182095b-7566-404f-9cc1-7bcda234c4ff","exec":["loginData = JSON.parse(responseBody)\r","pm.test(\"Status code is 200\", function () {\r","    pm.response.to.have.status(200);\r","});\r","// token = loginData.key\r","// console.log(\"token-------------->\", token)\r","// pm.environment.set(\"TOKEN\",\"Token \"+ token);"],"type":"text/javascript"}}],"id":"9f7b4662-c712-4dd4-9d8c-2aa036bff17d","protocolProfileBehavior":{"disableBodyPruning":true},"request":{"method":"POST","header":[],"body":{"mode":"raw","raw":"{\"email\":\"pankajbisht45145@gmail.com\",\"password\":\"Pankaj45\"}","options":{"raw":{"language":"json"}}},"url":{"raw":"{{url}}/api/v1/accounts/login/","host":["{{url}}"],"path":["api","v1","accounts","login",""]}},"response":[]}]}